Workbook

Sheet INSTRUCOES
A1: TCC — Instrumento de controle do experimento
A2: Avaliação de processos de Inteligência Artificial Generativa na geração e automação de cenários de teste em Gherkin (BDD) para apoio à qualidade de software
A3: Keurliano Araújo Lima — IFSC, Câmpus Florianópolis
A5: 1. LEGENDA DE CORES
A6: Fundo amarelo | C6: Campo de preenchimento manual. A formatação condicional destaca em amarelo as células ainda vazias das linhas já iniciadas.
A7: Fundo verde | C7: Célula calculada por fórmula. Não editar.
A8: Sem preenchimento | C8: Campo opcional ou de texto livre.
A10: 2. PARÂMETROS FIXOS DO EXPERIMENTO
C11: As três condições devem usar os mesmos parâmetros. Preencha aqui uma única vez: as abas C0, C1 e C2 puxam estes valores automaticamente.
A12: Modelo de IA | B12: GPT-5.6 Luna (Free)
A13: Versão do modelo | B13: Instant
A14: Temperatura | B14: Não disponibilizada pela interface
A15: Top-p | B15: Não disponibilizado pela interface
A16: Condições | B16: C0, C1 e C2
A17: Histórias | B17: H1, H2 e H3
A18: Execuções por condição/história | B18: 3
A20: 3. CONTROLE DE CONGELAMENTO DO GABARITO
C21: O gabarito deve ser construído e congelado ANTES de qualquer geração pela IA. Após o congelamento, as regras não devem ser alteradas para acomodar o que a IA produziu. Se um erro real for identificado antes da geração, registre nova versão e justifique.
A22: Versão atual do gabarito
A23: Responsável pela revisão
A24: Data da revisão
A25: Data de congelamento
A26: Status
A27: Justificativa de nova versão (se houver)
A29: 4. ORDEM DE PREENCHIMENTO
A30: Passo 1 | C30: HISTORIAS — registrar as candidatas, aplicar os critérios de seleção e definir o status de cada uma.
A31: Passo 2 | C31: GABARITO — enumerar regras de negócio, critérios de aceitação e cenários esperados, com evidência para cada linha.
A32: Passo 3 | C32: TABELA_DECISAO — modelar as combinações de condições e ações de cada história.
A33: Passo 4 | C33: Congelar o gabarito e registrar o congelamento no bloco 3 desta aba.
A34: Passo 5 | C34: C0, C1 e C2 — executar as gerações e registrar prompt, entradas e saída bruta de cada execução.
A35: Passo 6 | C35: RASTREABILIDADE — lançar uma linha por cenário gerado, associando-o (ou não) a uma regra do gabarito.
A36: Passo 7 | C36: INTERVENCOES — registrar cada correção humana realizada.
A37: Passo 8 | C37: AUTOMACAO — registrar implementação e execução das definições de passo.
A38: Passo 9 | C38: RESUMO — conferir as métricas calculadas e preencher os campos de apuração manual.
A40: 5. ABA AUXILIAR
A41: APURACAO | C41: Aba de apoio ao cálculo. Espelha linha a linha o GABARITO e marca, por condição, se cada regra e cada cenário de exceção foi coberto. É lida pela aba RESUMO. Não editar.
A43: 6. EXEMPLOS DE PREENCHIMENTO
C44: As linhas abaixo mostram apenas o formato esperado de cada campo. NÃO são dados do experimento e não devem ser copiadas para as demais abas.
A46: EXEMPLO – NÃO FAZ PARTE DOS RESULTADOS
A47: GABARITO | C47: História ID = H1 | Regra ID = H1-RN-01 | Critério ID = H1-CA-01 | Cenário esperado ID = H1-CE-01 | Tipo de cenário = Principal | Exceção? = Não | Fonte/evidência = observação da aplicação em 2026-09-14, tela de login
A48: C0 / C1 / C2 | C48: História ID = H1 | Execução ID = E1 | Data = 2026-09-14 | Quantidade de cenários gerados = (número inteiro) | Arquivo da saída bruta = saidas/C0_H1_E1.txt
A49: RASTREABILIDADE | C49: Condição = C0 | História ID = H1 | Execução ID = E1 | Cenário gerado ID = C0-H1-E1-01 | Regra ID do gabarito = H1-RN-01 | Correspondência com regra? = Sim | Cenário espúrio? = Não
A50: INTERVENCOES | C50: Tipo de intervenção = Complementação de cobertura | Tempo aproximado (min) = (número) | Responsável = (iniciais)
A51: AUTOMACAO | C51: Executado sem correção? = Não | Executado após correção? = Sim | Falhou por problema técnico/ambiente? = Não
A53: 7. CRITÉRIOS DE COBERTURA
A54: Critério de cobertura: uma regra de negócio será considerada coberta somente quando o cenário gerado atender integralmente à condição ou comportamento definido e ao resultado esperado registrado no gabarito. Quando apenas parte dos requisitos for atendida, a regra será classificada como não coberta, e a situação deverá ser registrada nas observações.
A56: Registro do congelamento do gabarito
A57: Versão congelada: 1.0 Data de congelamento: 29/09/2026 Quantidade de histórias: 3 (H01, H02 e H03) Quantidade de regras de negócio mensuráveis: 23 (RN02 a RN24) Quantidade de cenários esperados: 21 (SC01 a SC21) Finalidade: estabelecer a referência independente para avaliação da cobertura das regras de negócio e dos cenários de exceção nas condições experimentais C0, C1 e C2. Condição do congelamento: o gabarito foi revisado e definido antes da geração dos cenários pela Inteligência Artificial Generativa.

Sheet HISTORIAS
A1: HISTORIAS — candidatas e seleção
A2: Registro das histórias de usuário do SauceDemo consideradas para o experimento. As três linhas abaixo são candidatas preliminares, não seleções confirmadas.
A3: ID da história | B3: Nome da funcionalidade | C3: História de usuário | D3: Objetivo | E3: Critérios de seleção atendidos | F3: Pontuação da matriz de seleção | G3: Justificativa da seleção | H3: Status da seleção | I3: Observações
A4: H01 | B4: Login / Autenticação | C4: Como usuário do sistema, quero informar meu nome de usuário e minha senha, para acessar a área de produtos quando minhas credenciais forem válidas. | H4: Candidata | I4: Registro preliminar. A seleção só se confirma após a aplicação dos critérios definidos na metodologia.
A5: H02 | B5: Carrinho de compras | C5: Como usuário autenticado, quero adicionar produtos ao carrinho e visualizar e gerenciar os itens selecionados, para revisar minha seleção antes de realizar o checkout. | H5: Candidata | I5: Registro preliminar. A seleção só se confirma após a aplicação dos critérios definidos na metodologia.
A6: H03 | B6: Checkout / Finalização da compra | C6: Como usuário autenticado, quero informar meus dados e finalizar a compra, para concluir o processo de aquisição dos produtos selecionados. | H6: Candidata | I6: Registro preliminar. A seleção só se confirma após a aplicação dos critérios definidos na metodologia.

Sheet GABARITO
A1: GABARITO — regras, critérios e cenários esperados
A2: Construído manualmente ANTES de qualquer geração pela IA. Uma linha por cenário esperado. Não preencher regra ou cenário sem evidência registrada na coluna Fonte/evidência.
A3: História ID | B3: Regra ID | C3: Regra de negócio | D3: Critério de aceitação ID | E3: Critério de aceitação | F3: Tipo de regra | G3: Cenário esperado ID | H3: Descrição do cenário esperado | I3: Tipo de cenário | J3: Exceção? | K3: Condição inicial | L3: Resultado esperado | M3: Fonte/evidência | N3: Observações | O3: Status de revisão | P3: Data de congelamento | Q3: Data da revisão | R3: Responsável pela revisão
A4: H01 | B4: RN02 | C4: O Username deve ser informado para que a autenticação seja realizada. | D4: CA01 | E4: Dado que o usuário esteja na tela de login, ao não informar Username e tentar realizar o login, o sistema deve informar que o Username é obrigatório. | F4: Obrigatoriedade | G4: SC01 | H4: Tentativa de login sem informar Username | I4: Negativo | J4: Não | K4: Usuário na tela de login, Username e Password não informados | L4: Impedir a autenticação e informar que o Username é obrigatório. | M4: Teste manual no SauceDemo: tentativa de login sem Username apresentou a mensagem de obrigatoriedade do Username. | N4: Cenário relacionado à validação de campo obrigatório. | O4: Em revisão | P4: 46294 | Q4: 46293 | R4: Keurliano Araújo
A5: H01 | B5: RN03 | C5: A Password deve ser informada para que a autenticação seja realizada. | D5: CA02 | E5: Dado que o Username tenha sido informado, ao não informar Password e tentar realizar o login, o sistema deve informar que a Password é obrigatória. | F5: Obrigatoriedade | G5: SC02 | H5: Tentativa de login sem informar Password | I5: Negativo | J5: Não | K5: Username informado e Password não informada | L5: Impedir a autenticação e informar que a Password é obrigatória. | M5: Teste manual no SauceDemo: tentativa de login sem Password apresentou a mensagem de obrigatoriedade da Password. | N5: Cenário relacionado à validação de campo obrigatório. | O5: Em revisão | P5: 46294 | Q5: 46293 | R5: Keurliano Araújo
A6: H01 | B6: RN04 | C6: O sistema deve rejeitar credenciais que não correspondam a um usuário válido. | D6: CA03 | E6: Dado que o usuário informe um Username inexistente e uma Password, o sistema deve impedir o acesso e informar que as credenciais não correspondem a um usuário disponível. | F6: Validação | G6: SC03 | H6: Tentativa de login com Username inexistente | I6: Negativo | J6: Não | K6: Username inexistente e Password informada | L6: Impedir a autenticação e informar que Username e Password não correspondem a um usuário disponível. | M6: Teste manual no SauceDemo: tentativa com Username inexistente apresentou mensagem de credenciais inválidas. | N6: Cenário de credenciais inválidas por Username inexistente. | O6: Em revisão | P6: 46294 | Q6: 46293 | R6: Keurliano Araújo
A7: H01 | B7: RN04 | C7: O sistema deve rejeitar credenciais que não correspondam a um usuário válido. | D7: CA04 | E7: Dado que o usuário informe um Username válido e uma Password incorreta, o sistema deve impedir o acesso e informar que as credenciais não correspondem a um usuário disponível. | F7: Validação | G7: SC04 | H7: Tentativa de login com Password incorreta | I7: Negativo | J7: Não | K7: Username válido e Password incorreta | L7: Impedir a autenticação e informar que Username e Password não correspondem a um usuário disponível. | M7: Teste manual no SauceDemo: tentativa com Username válido e Password incorreta apresentou mensagem de credenciais inválidas. | N7: Cenário de credenciais inválidas por Password incorreta. | O7: Em revisão | P7: 46294 | Q7: 46293 | R7: Keurliano Araújo
A8: H01 | B8: RN05 | C8: O sistema deve impedir o acesso de um usuário bloqueado. | D8: CA05 | E8: Dado que o usuário informe as credenciais de locked_out_user, o sistema deve impedir o acesso e informar que o usuário está bloqueado. | F8: Restrição | G8: SC05 | H8: Tentativa de login com usuário bloqueado | I8: Exceção | J8: Sim | K8: Username locked_out_user e Password secret_sauce | L8: Impedir a autenticação e informar que o usuário está bloqueado. | M8: Teste manual no SauceDemo: tentativa com locked_out_user e secret_sauce apresentou mensagem de usuário bloqueado. | N8: Comportamento de exceção observado no ambiente. | O8: Em revisão | P8: 46294 | Q8: 46293 | R8: Keurliano Araújo
A9: H01 | B9: RN06 | C9: O sistema deve permitir o acesso quando forem utilizadas credenciais válidas. | D9: CA06 | E9: Dado que o usuário informe credenciais válidas, o sistema deve permitir o acesso. Após o login realizado com sucesso, o sistema deve direcionar o usuário para a área de produtos. | F9: Autenticação/Fluxo | G9: SC06 | H9: Login com credenciais válidas | I9: Positivo | J9: Não | K9: Username standard_user e Password secret_sauce | L9: Permitir a autenticação e direcionar o usuário para a área de produtos. | M9: Teste manual no SauceDemo: autenticação com standard_user e secret_sauce permitiu acesso à área de produtos. | N9: Um único cenário cobre o comportamento de autenticação e o fluxo posterior. | O9: Em revisão | P9: 46294 | Q9: 46293 | R9: Keurliano Araújo
A10: H01 | B10: RN07 | C10: Após uma autenticação válida, o usuário deve ser direcionado para a área de produtos. | D10: CA07 | E10: Após o login realizado com sucesso, o usuário deve ser direcionado para a área de produtos. | F10: Autenticação/Fluxo | G10: SC06 | H10: Acesso à área de produtos após autenticação válida | I10: Positivo | J10: Não | K10: O usuário está na tela de login e possui credenciais válidas de um usuário não bloqueado. | L10: O sistema deve permitir a autenticação e direcionar o usuário para a área de produtos. | M10: Teste manual no SauceDemo | N10: N/A | O10: Em revisão | P10: 46294 | Q10: 46293 | R10: Keurliano Araújo
A12: H02 | B12: RN08 | C12: O sistema deve permitir que o usuário adicione um produto ao carrinho. | D12: CA08 | E12: Dado que o usuário esteja na área de produtos, ao selecionar a opção para adicionar um produto ao carrinho, o sistema deve adicionar o produto ao carrinho e atualizar o indicador de quantidade do carrinho. | F12: Autenticação/Fluxo | G12: SC07 | H12: Adição de um produto ao carrinho | I12: Positivo | J12: Não | K12: Usuário autenticado e na área de produtos, com pelo menos um produto disponível | L12: O produto selecionado é adicionado ao carrinho e o indicador de quantidade é atualizado | M12: Teste manual realizado no ambiente SauceDemo | N12: Cenário relacionado à adição de produto ao carrinho | O12: Em revisão | P12: 46294 | Q12: 46293 | R12: Keurliano Araújo
A13: H02 | B13: RN09 | C13: O sistema não deve permitir que o mesmo produto seja adicionado mais de uma vez ao carrinho. | D13: CA09 | E13: Dado que um produto já tenha sido adicionado ao carrinho, ao tentar adicioná-lo novamente, o sistema não deve adicionar uma segunda ocorrência do mesmo produto. | F13: Restrição | G13: SC08 | H13: Tentativa de adicionar novamente um produto que já está no carrinho | I13: Exceção | J13: Sim | K13: Usuário autenticado e com um produto já adicionado ao carrinho | L13: O sistema não adiciona uma segunda ocorrência do mesmo produto | M13: Teste manual realizado no ambiente SauceDemo | N13: Cenário relacionado à restrição de duplicidade de produtos | O13: Em revisão | P13: 46294 | Q13: 46293 | R13: Keurliano Araújo
A14: H02 | B14: RN10 | C14: O sistema deve apresentar no carrinho os produtos que foram adicionados pelo usuário, juntamente com suas informações de identificação, quantidade e preço. | D14: CA10 | E14: Dado que o usuário tenha adicionado produtos ao carrinho, ao acessar o carrinho, o sistema deve apresentar os produtos selecionados juntamente com suas informações de identificação, quantidade e preço. | F14: Autenticação/Fluxo | G14: SC09 | H14: Visualização dos produtos adicionados no carrinho | I14: Positivo | J14: Não | K14: Usuário autenticado e com um ou mais produtos adicionados ao carrinho | L14: O carrinho apresenta os produtos selecionados, juntamente com suas informações de identificação, quantidade e preço | M14: Teste manual realizado no ambiente SauceDemo | N14: Cenário relacionado à apresentação dos itens do carrinho | O14: Em revisão | P14: 46294 | Q14: 46293 | R14: Keurliano Araújo
A15: H02 | B15: RN11 | C15: O sistema deve permitir que o usuário remova produtos do carrinho. | D15: CA11 | E15: Dado que existam produtos no carrinho, ao selecionar a opção de remover um produto, o sistema deve retirar o produto do carrinho e atualizar o indicador de quantidade. | F15: Autenticação/Fluxo | G15: SC10 | H15: Remoção de um produto do carrinho | I15: Positivo | J15: Não | K15: Usuário autenticado e com pelo menos dois produtos no carrinho | L15: O produto selecionado é removido do carrinho e o indicador de quantidade é atualizado, mantendo os demais produtos | M15: Teste manual realizado no ambiente SauceDemo | N15: Cenário relacionado à remoção de um item sem esvaziar o carrinho | O15: Em revisão | P15: 46294 | Q15: 46293 | R15: Keurliano Araújo
A16: H02 | B16: RN12 | C16: O sistema deve permitir que o carrinho permaneça sem produtos após a remoção de todos os itens. | D16: CA12 | E16: Dado que existam produtos no carrinho, ao remover todos os produtos, o sistema deve manter o carrinho sem itens. | F16: Restrição | G16: SC11 | H16: Remoção de todos os produtos do carrinho | I16: Exceção | J16: Sim | K16: Usuário autenticado e com um ou mais produtos no carrinho | L16: O carrinho permanece sem produtos após a remoção de todos os itens | M16: Teste manual realizado no ambiente SauceDemo | N16: Cenário relacionado ao estado vazio do carrinho após a remoção dos itens | O16: Em revisão | P16: 46294 | Q16: 46293 | R16: Keurliano Araújo
... A29: H03 | B29: RN24 | C29: O sistema deve permitir que o usuário gere o PDF do pedido após a conclusão da compra. | D29: CA24 | E29: Dado que o usuário esteja na página Checkout: Complete!, ao selecionar a opção Gerar o PDF do pedido, o sistema deve gerar e baixar um documento contendo as informações do recibo do pedido. | F29: Autenticação/Fluxo | G29: SC21 | H29: Geração e download do PDF do pedido após a conclusão da compra | I29: Positivo | J29: Não | K29: Usuário está na página Checkout: Complete! após finalizar a compra. | L29: Ao selecionar a opção “Gerar o PDF do pedido”, o sistema gera e baixa um documento contendo as informações do recibo do pedido. | M29: Teste manual realizado no ambiente SauceDemo: a seleção de “Gerar o PDF do pedido” realizou o download do documento contendo as informações do recibo do pedido | N29: Cenário relacionado à geração do documento do pedido após a conclusão da compra | O29: Em revisão | P29: 46294 | Q29: 46293 | R29: Keurliano Araújo

Sheet TABELA_DECISAO
A2: Uma linha por combinação de condições. Foram previstas seis colunas de condição; use apenas as necessárias em cada história e deixe as demais em branco.
A3: História ID | B3: Cenário ID | C3: Condição 1 | D3: Condição 2 | E3: Condição 3 | F3: Ação esperada | G3: Regra ID relacionada | H3: Tipo de cenário | I3: Observações
A4: H01 | B4: TD01 | C4: Username não informado | D4: Password não informada | E4: Não se Aplica | F4: Impedir autenticação e informar que o Username é obrigatório | G4: RN02 | H4: Negativo | I4: Ao clicar em Login sem preencher os campos
A5: H01 | B5: TD02 | C5: Username informado | D5: Password não informada | E5: Não se Aplica | F5: Impedir autenticação e informar que a Password é obrigatória | G5: RN03 | H5: Negativo | I5: Username informado e Password vazia
A6: H01 | B6: TD03 | C6: Username inexistente | D6: Password informada | E6: Não se Aplica | F6: Impedir autenticação e informar que Username e Password não correspondem a um usuário disponível | G6: RN04 | H6: Negativo | I6: Utilizar um Username que não exista no ambiente
A7: H01 | B7: TD04 | C7: Username válido | D7: Password incorreta | E7: Não bloqueado | F7: Impedir autenticação e informar que Username e Password não correspondem a um usuário disponível | G7: RN04 | H7: Negativo | I7: Utilizar usuário válido com senha diferente de secret_sauce
A8: H01 | B8: TD05 | C8: Username = locked_out_user | D8: Password = secret_sauce | E8: Bloqueado | F8: Impedir autenticação e informar que o usuário está bloqueado | G8: RN05 | H8: Exceção | I8: Comportamento observado no ambiente
A9: H01 | B9: TD06 | C9: Username válido | D9: Password válida | E9: Não bloqueado | F9: Permitir autenticação e direcionar para a área de produtos | G9: RN06, RN07 | H9: Positivo | I9: Utilizar, por exemplo, standard_user + secret_sauce
A11: H02 | B11: TD07 | C11: Produto disponível na área de produtos | D11: Produto ainda não está no carrinho | E11: Usuário autenticado | F11: Adicionar o produto ao carrinho e atualizar o indicador de quantidade | G11: RN08 | H11: Positivo | I11: Selecionar a opção de adicionar um produto ao carrinho
A12: H02 | B12: TD08 | C12: Produto disponível na área de produtos | D12: Produto já está no carrinho | E12: Usuário autenticado | F12: Impedir a adição de uma segunda ocorrência do mesmo produto | G12: RN09 | H12: Exceção | I12: Tentar adicionar novamente um produto que já foi adicionado
A13: H02 | B13: TD09 | C13: Um ou mais produtos adicionados | D13: Usuário acessa o carrinho | E13: Usuário autenticado | F13: Apresentar os produtos selecionados com suas informações de identificação, quantidade e preço | G13: RN10 | H13: Positivo | I13: Verificar as informações apresentadas para os produtos
A14: H02 | B14: TD10 | C14: Dois ou mais produtos no carrinho | D14: Um dos produtos é selecionado para remoção | E14: Usuário autenticado | F14: Remover o produto selecionado e atualizar o indicador de quantidade, mantendo os demais produtos | G14: RN11 | H14: Positivo | I14: Verificar que os demais produtos permanecem no carrinho
A15: H02 | B15: TD11 | C15: Um ou mais produtos no carrinho | D15: Todos os produtos são removidos | E15: Usuário autenticado | F15: Manter o carrinho sem produtos | G15: RN12 | H15: Exceção | I15: Representa o estado vazio do carrinho após a remoção
... A26: H03 | B26: TD21 | C26: Usuário está na página Checkout: Complete! | D26: Opção “Gerar o PDF do pedido” selecionada | E26: Não se Aplica | F26: Gerar e baixar um documento contendo as informações do recibo do pedido | G26: RN24 | H26: Positivo | I26: Gerar e baixar um documento contendo as informações do recibo do pedido

Sheet C0
A1: C0 — abordagem não estruturada
A2: História de usuário e prompt mínimo, sem informações estruturadas adicionais e sem processo de validação. Modelo, versão, temperatura e top-p são puxados da aba INSTRUCOES para garantir que as três condições usem os mesmos parâmetros.
A3: História ID | B3: Execução ID | C3: Data | D3: Modelo | E3: Versão do modelo | F3: Temperatura | G3: Top-p | H3: Prompt utilizado | I3: Entrada fornecida | J3: Saída bruta da IA | K3: Arquivo da saída bruta (caminho ou link) | L3: Quantidade de cenários gerados | M3: Observações
A4: H1 | B4: E1 | D4: GPT-5.6 Luna | E4: =IF(INSTRUCOES!$B$13="","",INSTRUCOES!$B$13) -> Instant | F4: =IF(INSTRUCOES!$B$14="","",INSTRUCOES!$B$14) -> Não disponibilizada pela interface | G4: =IF(INSTRUCOES!$B$15="","",INSTRUCOES!$B$15) -> Não disponibilizado pela interface | H4: Você é um analista de testes de software com conhecimento em BDD e na linguagem Gherkin. A partir da história de usuário apresentada abaixo, gere cenários de teste em Gherkin que representem os comportamentos que devem ser testados no sistema. Considere as informações disponíveis na história de usuário e utilize seu conhecimento para identificar os principais cenários de teste, incluindo situações de sucesso e situações de erro ou exceção. Utilize uma estrutura válida de Gherkin, com as palavras-chave Feature, Scenario, Given, When, Then, And e But quando necessário. Não explique sua resposta. Apresente somente os cenários Gherkin. História de usuário: Como usuário do sistema, quero informar meu nome de usuário e minha senha, para acessar a área de produtos quando minhas credenciais forem válidas. | J4: Feature: Login de usuário Scenario: Acessar a área de produtos com credenciais válidas Given que o usuário está na tela de login And possui um nome de usuário e uma senha válidos When informar o nome de usuário válido And informar a senha válida And solicitar o acesso Then o sistema deve autenticar o usuário And permitir o acesso à área de produtos Scenario: Tentar acessar com nome de usuário inválido Given que o usuário está na tela de login And possui uma senha válida When informar um nome de usuário inválido And informar a senha válida And solicitar o acesso Then o sistema deve negar o acesso And exibir uma mensagem informando que as credenciais são inválidas Scenario: Tentar acessar com senha inválida Given que o usuário está na tela de login And possui um nome de usuário válido When informar o nome de usuário válido And informar uma senha inválida And solicitar o acesso Then o sistema deve negar o acesso And exibir uma mensagem informando que as credenciais são inválidas Scenario: Tentar acessar sem informar o nome de usuário Given que o usuário está na tela de login When deixar o campo de nome de usuário vazio And informar uma senha And solicitar o acesso Then o sistema deve impedir o acesso And informar que o nome de usuário deve ser preenchido Scenario: Tentar acessar sem informar a senha Given que o usuário está na tela de login When informar um nome de usuário And deixar o campo de senha vazio And solicitar o acesso Then o sistema deve impedir o acesso And informar que a senha deve ser preenchida Scenario: Tentar acessar sem informar nome de usuário e senha Given que o usuário está na tela de login When deixar o campo de nome de usuário vazio And deixar o campo de senha vazio And solicitar o acesso Then o sistema deve impedir o acesso And informar que os campos obrigatórios devem ser preenchidos | L4: 6
A6: H1 | B6: E2 | D6: =IF(INSTRUCOES!$B$12="","",INSTRUCOES!$B$12) -> GPT-5.6 Luna (Free) | E6: =IF(INSTRUCOES!$B$13="","",INSTRUCOES!$B$13) -> Instant | F6: =IF(INSTRUCOES!$B$14="","",INSTRUCOES!$B$14) -> Não disponibilizada pela interface | G6: =IF(INSTRUCOES!$B$15="","",INSTRUCOES!$B$15) -> Não disponibilizado pela interface | H6: Você é um analista de testes de software com conhecimento em BDD e na linguagem Gherkin. A partir da história de usuário apresentada abaixo, gere cenários de teste em Gherkin que representem os comportamentos que devem ser testados no sistema. Considere as informações disponíveis na história de usuário e utilize seu conhecimento para identificar os principais cenários de teste, incluindo situações de sucesso e situações de erro ou exceção. Utilize uma estrutura válida de Gherkin, com as palavras-chave Feature, Scenario, Given, When, Then, And e But quando necessário. Não explique sua resposta. Apresente somente os cenários Gherkin. História de usuário: Como usuário do sistema, quero informar meu nome de usuário e minha senha, para acessar a área de produtos quando minhas credenciais forem válidas. | J6: Feature: Login de usuário Scenario: Acessar a área de produtos com credenciais válidas Given que o usuário está na tela de login And possui um nome de usuário válido And possui uma senha válida When informar o nome de usuário e a senha And clicar no botão de login Then o sistema deve autenticar o usuário And deve direcionar o usuário para a área de produtos Scenario: Tentar acessar a área de produtos com nome de usuário inválido Given que o usuário está na tela de login And possui uma senha válida When informar um nome de usuário inválido And informar a senha válida And clicar no botão de login Then o sistema não deve autenticar o usuário And deve informar que as credenciais são inválidas But o usuário não deve acessar a área de produtos Scenario: Tentar acessar a área de produtos com senha inválida Given que o usuário está na tela de login And possui um nome de usuário válido When informar o nome de usuário válido And informar uma senha inválida And clicar no botão de login Then o sistema não deve autenticar o usuário And deve informar que as credenciais são inválidas But o usuário não deve acessar a área de produtos Scenario: Tentar realizar login sem informar o nome de usuário Given que o usuário está na tela de login When informar uma senha válida And clicar no botão de login Then o sistema deve informar que o nome de usuário é obrigatório And não deve autenticar o usuário But o usuário não deve acessar a área de produtos Scenario: Tentar realizar login sem informar a senha Given que o usuário está na tela de login When informar um nome de usuário válido And clicar no botão de login Then o sistema deve informar que a senha é obrigatória And não deve autenticar o usuário But o usuário não deve acessar a área de produtos Scenario: Tentar realizar login sem informar nome de usuário e senha Given que o usuário está na tela de login When clicar no botão de login sem informar as credenciais Then o sistema deve informar que o nome de usuário é obrigatório And deve informar que a senha é obrigatória And não deve autenticar o usuário But o usuário não deve acessar a área de produtos | L6: 6
A8: H1 | B8: E3 | D8: =IF(INSTRUCOES!$B$12="","",INSTRUCOES!$B$12) -> GPT-5.6 Luna (Free) | E8: =IF(INSTRUCOES!$B$13="","",INSTRUCOES!$B$13) -> Instant | F8: =IF(INSTRUCOES!$B$14="","",INSTRUCOES!$B$14) -> Não disponibilizada pela interface | G8: =IF(INSTRUCOES!$B$15="","",INSTRUCOES!$B$15) -> Não disponibilizado pela interface | H8: Você é um analista de testes de software com conhecimento em BDD e na linguagem Gherkin. A partir da história de usuário apresentada abaixo, gere cenários de teste em Gherkin que representem os comportamentos que devem ser testados no sistema. Considere as informações disponíveis na história de usuário e utilize seu conhecimento para identificar os principais cenários de teste, incluindo situações de sucesso e situações de erro ou exceção. Utilize uma estrutura válida de Gherkin, com as palavras-chave Feature, Scenario, Given, When, Then, And e But quando necessário. Não explique sua resposta. Apresente somente os cenários Gherkin. História de usuário: Como usuário do sistema, quero informar meu nome de usuário e minha senha, para acessar a área de produtos quando minhas credenciais forem válidas. | J8: Feature: Login de usuário Scenario: Login com credenciais válidas Given que o usuário está na tela de login And possui um nome de usuário válido And possui uma senha válida When informar o nome de usuário e a senha And clicar no botão de login Then o sistema deve autenticar o usuário And deve permitir o acesso à área de produtos Scenario: Login com nome de usuário inválido Given que o usuário está na tela de login And possui um nome de usuário inválido And possui uma senha válida When informar o nome de usuário e a senha And clicar no botão de login Then o sistema deve impedir o acesso à área de produtos And deve exibir uma mensagem de erro Scenario: Login com senha inválida Given que o usuário está na tela de login And possui um nome de usuário válido And possui uma senha inválida When informar o nome de usuário e a senha And clicar no botão de login Then o sistema deve impedir o acesso à área de produtos And deve exibir uma mensagem de erro Scenario: Login com nome de usuário e senha inválidos Given que o usuário está na tela de login And possui um nome de usuário inválido And possui uma senha inválida When informar o nome de usuário e a senha And clicar no botão de login Then o sistema deve impedir o acesso à área de produtos And deve exibir uma mensagem de erro Scenario: Login sem informar o nome de usuário Given que o usuário está na tela de login And possui uma senha válida When não informar o nome de usuário And informar a senha And clicar no botão de login Then o sistema deve impedir o acesso à área de produtos And deve informar que o nome de usuário é obrigatório Scenario: Login sem informar a senha Given que o usuário está na tela de login And possui um nome de usuário válido When informar o nome de usuário And não informar a senha And clicar no botão de login Then o sistema deve impedir o acesso à área de produtos And deve informar que a senha é obrigatória Scenario: Login sem informar nome de usuário e senha Given que o usuário está na tela de login When não informar o nome de usuário And não informar a senha And clicar no botão de login Then o sistema deve impedir o acesso à área de produtos And deve informar que os campos são obrigatórios | L8: 7
A10: H2 | B10: E1 | D10: =IF(INSTRUCOES!$B$12="","",INSTRUCOES!$B$12) -> GPT-5.6 Luna (Free) | E10: =IF(INSTRUCOES!$B$13="","",INSTRUCOES!$B$13) -> Instant | F10: =IF(INSTRUCOES!$B$14="","",INSTRUCOES!$B$14) -> Não disponibilizada pela interface | G10: =IF(INSTRUCOES!$B$15="","",INSTRUCOES!$B$15) -> Não disponibilizado pela interface | H10: Você é um analista de testes de software com conhecimento em BDD e na linguagem Gherkin. A partir da história de usuário apresentada abaixo, gere cenários de teste em Gherkin que representem os comportamentos que devem ser testados no sistema. Considere as informações disponíveis na história de usuário e utilize seu conhecimento para identificar os principais cenários de teste, incluindo situações de sucesso e situações de erro ou exceção. Utilize uma estrutura válida de Gherkin, com as palavras-chave Feature, Scenario, Given, When, Then, And e But quando necessário. Não explique sua resposta. Apresente somente os cenários Gherkin. História de usuário: Como usuário autenticado, quero adicionar produtos ao carrinho e visualizar e gerenciar os itens selecionados, para revisar minha seleção antes de realizar o checkout. | J10: ```gherkin Feature: Gerenciamento de produtos no carrinho Scenario: Adicionar um produto ao carrinho Given que o usuário está autenticado And está na área de produtos And existe um produto disponível para compra When adicionar o produto ao carrinho Then o produto deve ser adicionado ao carrinho And o carrinho deve exibir o produto selecionado Scenario: Adicionar mais de um produto ao carrinho Given que o usuário está autenticado And está na área de produtos And existem produtos disponíveis para compra When adicionar diferentes produtos ao carrinho Then todos os produtos selecionados devem ser adicionados ao carrinho And o carrinho deve exibir todos os produtos selecionados Scenario: Visualizar os produtos adicionados ao carrinho Given que o usuário está autenticado And possui produtos adicionados ao carrinho When acessar o carrinho Then o sistema deve exibir os produtos adicionados And deve exibir as informações dos produtos selecionados Scenario: Remover um produto do carrinho Given que o usuário está autenticado And possui produtos adicionados ao carrinho When remover um produto do carrinho Then o produto deve ser removido do carrinho And o produto não deve mais ser exibido na lista de itens Scenario: Remover todos os produtos do carrinho Given que o usuário está autenticado And possui mais de um produto adicionado ao carrinho When remover todos os produtos Then o carrinho deve ficar vazio And os produtos removidos não devem ser exibidos no carrinho Scenario: Alterar a quantidade de um produto no carrinho Given que o usuário está autenticado And possui um produto adicionado ao carrinho When alterar a quantidade do produto Then o sistema deve atualizar a quantidade do produto And deve atualizar o valor correspondente no carrinho Scenario: Acessar o carrinho sem produtos adicionados Given que o usuário está autenticado And não possui produtos adicionados ao carrinho When acessar o carrinho Then o sistema deve exibir o carrinho vazio And não deve exibir produtos na lista de itens Scenario: Tentar adicionar um produto indisponível Given que o usuário está autenticado And existe um produto indisponível para compra When tentar adicionar o produto ao carrinho Then o sistema não deve adicionar o produto ao carrinho And deve informar que o produto está indisponível Scenario: Tentar acessar o carrinho sem estar autenticado Given que o usuário não está autenticado When tentar acessar o carrinho Then o sistema deve impedir o acesso ao carrinho And deve solicitar que o usuário realize a autenticação Scenario: Revisar os produtos antes do checkout Given que o usuário está autenticado And possui produtos adicionados ao carrinho When acessar o carrinho Then deve visualizar os produtos selecionados And deve poder gerenciar os itens do carrinho And deve poder revisar sua seleção antes de realizar o checkout ``` | L10: 10
A12: H2 | B12: E2 | D12: =IF(INSTRUCOES!$B$12="","",INSTRUCOES!$B$12) -> GPT-5.6 Luna (Free) | E12: =IF(INSTRUCOES!$B$13="","",INSTRUCOES!$B$13) -> Instant | F12: =IF(INSTRUCOES!$B$14="","",INSTRUCOES!$B$14) -> Não disponibilizada pela interface | G12: =IF(INSTRUCOES!$B$15="","",INSTRUCOES!$B$15) -> Não disponibilizado pela interface | H12: Você é um analista de testes de software com conhecimento em BDD e na linguagem Gherkin. A partir da história de usuário apresentada abaixo, gere cenários de teste em Gherkin que representem os comportamentos que devem ser testados no sistema. Considere as informações disponíveis na história de usuário e utilize seu conhecimento para identificar os principais cenários de teste, incluindo situações de sucesso e situações de erro ou exceção. Utilize uma estrutura válida de Gherkin, com as palavras-chave Feature, Scenario, Given, When, Then, And e But quando necessário. Não explique sua resposta. Apresente somente os cenários Gherkin. História de usuário: Como usuário autenticado, quero adicionar produtos ao carrinho e visualizar e gerenciar os itens selecionados, para revisar minha seleção antes de realizar o checkout. | J12: Feature: Gerenciamento de produtos no carrinho Scenario: Adicionar um produto ao carrinho Given que o usuário está autenticado And que existe um produto disponível para compra When o usuário adiciona o produto ao carrinho Then o produto deve ser adicionado ao carrinho And o carrinho deve exibir o produto selecionado Scenario: Adicionar mais de um produto ao carrinho Given que o usuário está autenticado And que existem produtos disponíveis para compra When o usuário adiciona diferentes produtos ao carrinho Then todos os produtos selecionados devem ser adicionados ao carrinho And o carrinho deve exibir todos os produtos selecionados Scenario: Visualizar os itens adicionados ao carrinho Given que o usuário está autenticado And que existem produtos adicionados ao carrinho When o usuário acessa o carrinho Then os produtos adicionados devem ser exibidos And as informações dos produtos devem estar disponíveis para revisão Scenario: Alterar a quantidade de um produto no carrinho Given que o usuário está autenticado And que existe um produto no carrinho When o usuário altera a quantidade do produto Then a quantidade do produto deve ser atualizada And o valor correspondente deve ser atualizado Scenario: Remover um produto do carrinho Given que o usuário está autenticado And que existe um produto no carrinho When o usuário remove o produto do carrinho Then o produto não deve mais ser exibido no carrinho Scenario: Remover todos os produtos do carrinho Given que o usuário está autenticado And que existem produtos no carrinho When o usuário remove todos os produtos Then o carrinho deve ficar vazio Scenario: Acessar o carrinho sem produtos adicionados Given que o usuário está autenticado And que o carrinho está vazio When o usuário acessa o carrinho Then o sistema deve informar que não existem produtos no carrinho Scenario: Tentar adicionar um produto indisponível Given que o usuário está autenticado And que o produto não está disponível para compra When o usuário tenta adicionar o produto ao carrinho Then o produto não deve ser adicionado ao carrinho And o sistema deve informar que o produto não está disponível Scenario: Tentar acessar o carrinho sem estar autenticado Given que o usuário não está autenticado When o usuário tenta acessar o carrinho Then o sistema deve solicitar que o usuário realize a autenticação Scenario: Manter os produtos adicionados ao navegar pelo sistema Given que o usuário está autenticado And que existem produtos adicionados ao carrinho When o usuário navega para outra página do sistema Then os produtos devem permanecer no carrinho And a seleção do usuário deve ser mantida | L12: 10
A14: H2 | B14: E3 | D14: =IF(INSTRUCOES!$B$12="","",INSTRUCOES!$B$12) -> GPT-5.6 Luna (Free) | E14: =IF(INSTRUCOES!$B$13="","",INSTRUCOES!$B$13) -> Instant | F14: =IF(INSTRUCOES!$B$14="","",INSTRUCOES!$B$14) -> Não disponibilizada pela interface | G14: =IF(INSTRUCOES!$B$15="","",INSTRUCOES!$B$15) -> Não disponibilizado pela interface | H14: Você é um analista de testes de software com conhecimento em BDD e na linguagem Gherkin. A partir da história de usuário apresentada abaixo, gere cenários de teste em Gherkin que representem os comportamentos que devem ser testados no sistema. Considere as informações disponíveis na história de usuário e utilize seu conhecimento para identificar os principais cenários de teste, incluindo situações de sucesso e situações de erro ou exceção. Utilize uma estrutura válida de Gherkin, com as palavras-chave Feature, Scenario, Given, When, Then, And e But quando necessário. Não explique sua resposta. Apresente somente os cenários Gherkin. História de usuário: Como usuário autenticado, quero adicionar produtos ao carrinho e visualizar e gerenciar os itens selecionados, para revisar minha seleção antes de realizar o checkout. | J14: Feature: Adicionar e gerenciar produtos no carrinho Scenario: Adicionar um produto ao carrinho Given que o usuário está autenticado And que existe um produto disponível When o usuário adiciona o produto ao carrinho Then o produto deve ser adicionado ao carrinho And o produto deve ser exibido na lista de itens Scenario: Adicionar múltiplos produtos ao carrinho Given que o usuário está autenticado And que existem produtos disponíveis When o usuário adiciona diferentes produtos ao carrinho Then todos os produtos selecionados devem ser adicionados ao carrinho And todos os produtos devem ser exibidos na lista de itens Scenario: Visualizar os produtos do carrinho Given que o usuário está autenticado And que existem produtos adicionados ao carrinho When o usuário acessa o carrinho Then os produtos adicionados devem ser exibidos And suas informações devem estar disponíveis para revisão Scenario: Alterar a quantidade de um produto Given que o usuário está autenticado And que existe um produto no carrinho When o usuário altera a quantidade do produto Then a quantidade do produto deve ser atualizada And o valor total do produto deve ser atualizado Scenario: Remover um produto do carrinho Given que o usuário está autenticado And que existe um produto no carrinho When o usuário remove o produto Then o produto não deve mais ser exibido no carrinho And o valor total do carrinho deve ser atualizado Scenario: Visualizar o carrinho vazio Given que o usuário está autenticado And que não existem produtos no carrinho When o usuário acessa o carrinho Then o sistema deve informar que o carrinho está vazio Scenario: Tentar adicionar um produto indisponível Given que o usuário está autenticado And que o produto não está disponível para compra When o usuário tenta adicionar o produto ao carrinho Then o produto não deve ser adicionado ao carrinho And o sistema deve informar que o produto não está disponível Scenario: Acessar o carrinho sem autenticação Given que o usuário não está autenticado When o usuário tenta acessar o carrinho Then o sistema deve solicitar a autenticação do usuário And o carrinho não deve ser exibido Scenario: Manter os produtos do carrinho durante a navegação Given que o usuário está autenticado And que existem produtos adicionados ao carrinho When o usuário navega para outra página And retorna ao carrinho Then os produtos adicionados anteriormente devem continuar no carrinho | L14: 9
A16: H3 | B16: E1 | D16: =IF(INSTRUCOES!$B$12="","",INSTRUCOES!$B$12) -> GPT-5.6 Luna (Free) | E16: =IF(INSTRUCOES!$B$13="","",INSTRUCOES!$B$13) -> Instant | F16: =IF(INSTRUCOES!$B$14="","",INSTRUCOES!$B$14) -> Não disponibilizada pela interface | G16: =IF(INSTRUCOES!$B$15="","",INSTRUCOES!$B$15) -> Não disponibilizado pela interface | H16: Você é um analista de testes de software com conhecimento em BDD e na linguagem Gherkin. A partir da história de usuário apresentada abaixo, gere cenários de teste em Gherkin que representem os comportamentos que devem ser testados no sistema. Considere as informações disponíveis na história de usuário e utilize seu conhecimento para identificar os principais cenários de teste, incluindo situações de sucesso e situações de erro ou exceção. Utilize uma estrutura válida de Gherkin, com as palavras-chave Feature, Scenario, Given, When, Then, And e But quando necessário. Não explique sua resposta. Apresente somente os cenários Gherkin. História de usuário: Como usuário autenticado, quero informar meus dados e finalizar a compra, para concluir o processo de aquisição dos produtos selecionados. | J16: Feature: Finalização da compra Scenario: Finalizar compra com dados válidos Given que o usuário está autenticado And que existem produtos no carrinho And que os dados de entrega estão preenchidos corretamente And que os dados de pagamento estão válidos When o usuário finaliza a compra Then o pedido deve ser criado com sucesso And o sistema deve exibir a confirmação da compra Scenario: Finalizar compra com dados de entrega obrigatórios preenchidos Given que o usuário está autenticado And que existem produtos no carrinho When o usuário informa todos os dados de entrega obrigatórios And prossegue para a finalização da compra Then os dados informados devem ser aceitos pelo sistema Scenario: Tentar finalizar compra com dados obrigatórios ausentes Given que o usuário está autenticado And que existem produtos no carrinho And que um ou mais dados obrigatórios não foram preenchidos When o usuário tenta finalizar a compra Then a compra não deve ser finalizada And o sistema deve informar os campos que precisam ser preenchidos Scenario: Finalizar compra com dados de pagamento inválidos Given que o usuário está autenticado And que existem produtos no carrinho And que os dados de pagamento são inválidos When o usuário tenta finalizar a compra Then a compra não deve ser finalizada And o sistema deve informar que os dados de pagamento são inválidos Scenario: Finalizar compra com carrinho vazio Given que o usuário está autenticado And que o carrinho está vazio When o usuário tenta finalizar a compra Then a compra não deve ser finalizada And o sistema deve informar que não existem produtos no carrinho Scenario: Cancelar a finalização da compra Given que o usuário está autenticado And que existem produtos no carrinho And que os dados da compra foram preenchidos When o usuário cancela a finalização da compra Then o pedido não deve ser criado And os produtos devem permanecer no carrinho Scenario: Tentar finalizar compra sem estar autenticado Given que o usuário não está autenticado And que existem produtos no carrinho When o usuário tenta finalizar a compra Then o sistema deve solicitar a autenticação And a compra não deve ser finalizada Scenario: Compra finalizada com sucesso Given que o usuário está autenticado And que existem produtos no carrinho And que todos os dados necessários foram informados corretamente When o usuário confirma a compra Then o pedido deve ser registrado And o sistema deve apresentar o número do pedido And o sistema deve informar que a compra foi concluída | L16: 8
A18: H3 | B18: E2 | D18: =IF(INSTRUCOES!$B$12="","",INSTRUCOES!$B$12) -> GPT-5.6 Luna (Free) | E18: =IF(INSTRUCOES!$B$13="","",INSTRUCOES!$B$13) -> Instant | F18: =IF(INSTRUCOES!$B$14="","",INSTRUCOES!$B$14) -> Não disponibilizada pela interface | G18: =IF(INSTRUCOES!$B$15="","",INSTRUCOES!$B$15) -> Não disponibilizado pela interface | H18: Você é um analista de testes de software com conhecimento em BDD e na linguagem Gherkin. A partir da história de usuário apresentada abaixo, gere cenários de teste em Gherkin que representem os comportamentos que devem ser testados no sistema. Considere as informações disponíveis na história de usuário e utilize seu conhecimento para identificar os principais cenários de teste, incluindo situações de sucesso e situações de erro ou exceção. Utilize uma estrutura válida de Gherkin, com as palavras-chave Feature, Scenario, Given, When, Then, And e But quando necessário. Não explique sua resposta. Apresente somente os cenários Gherkin. História de usuário: Como usuário autenticado, quero informar meus dados e finalizar a compra, para concluir o processo de aquisição dos produtos selecionados. | J18: Feature: Finalização da compra Scenario: Finalizar compra com dados válidos Given que o usuário está autenticado And que existem produtos no carrinho And que os dados necessários para a compra estão preenchidos corretamente When o usuário confirma a compra Then o pedido deve ser criado com sucesso And o sistema deve exibir a confirmação da compra Scenario: Finalizar compra sem informar um dado obrigatório Given que o usuário está autenticado And que existem produtos no carrinho And que um dado obrigatório não foi informado When o usuário tenta finalizar a compra Then a compra não deve ser finalizada And o sistema deve informar o dado que precisa ser preenchido Scenario: Informar dados de entrega inválidos Given que o usuário está autenticado And que existem produtos no carrinho When o usuário informa dados de entrega inválidos And tenta finalizar a compra Then a compra não deve ser finalizada And o sistema deve informar que os dados de entrega são inválidos Scenario: Informar dados de pagamento inválidos Given que o usuário está autenticado And que existem produtos no carrinho And que os dados de pagamento são inválidos When o usuário tenta finalizar a compra Then a compra não deve ser finalizada And o sistema deve informar que os dados de pagamento são inválidos Scenario: Finalizar compra com carrinho vazio Given que o usuário está autenticado And que o carrinho está vazio When o usuário tenta finalizar a compra Then a compra não deve ser finalizada And o sistema deve informar que não existem produtos selecionados Scenario: Finalizar compra sem estar autenticado Given que o usuário não está autenticado And que existem produtos no carrinho When o usuário tenta finalizar a compra Then o sistema deve solicitar a autenticação And a compra não deve ser finalizada Scenario: Cancelar a finalização da compra Given que o usuário está autenticado And que existem produtos no carrinho And que os dados da compra foram preenchidos When o usuário cancela a finalização da compra Then o pedido não deve ser criado And os produtos devem permanecer no carrinho Scenario: Exibir confirmação após finalizar a compra Given que o usuário está autenticado And que existem produtos no carrinho And que todos os dados necessários foram preenchidos corretamente When o usuário finaliza a compra Then o sistema deve exibir uma mensagem de confirmação And o sistema deve apresentar as informações do pedido | L18: 8
A20: H3 | B20: E3 | D20: =IF(INSTRUCOES!$B$12="","",INSTRUCOES!$B$12) -> GPT-5.6 Luna (Free) | E20: =IF(INSTRUCOES!$B$13="","",INSTRUCOES!$B$13) -> Instant | F20: =IF(INSTRUCOES!$B$14="","",INSTRUCOES!$B$14) -> Não disponibilizada pela interface | G20: =IF(INSTRUCOES!$B$15="","",INSTRUCOES!$B$15) -> Não disponibilizado pela interface | H20: Você é um analista de testes de software com conhecimento em BDD e na linguagem Gherkin. A partir da história de usuário apresentada abaixo, gere cenários de teste em Gherkin que representem os comportamentos que devem ser testados no sistema. Considere as informações disponíveis na história de usuário e utilize seu conhecimento para identificar os principais cenários de teste, incluindo situações de sucesso e situações de erro ou exceção. Utilize uma estrutura válida de Gherkin, com as palavras-chave Feature, Scenario, Given, When, Then, And e But quando necessário. Não explique sua resposta. Apresente somente os cenários Gherkin. História de usuário: Como usuário autenticado, quero informar meus dados e finalizar a compra, para concluir o processo de aquisição dos produtos selecionados. | J20: Feature: Finalização da compra Scenario: Finalizar compra com dados válidos Given que o usuário está autenticado And que existem produtos selecionados no carrinho And que os dados necessários para a compra estão preenchidos corretamente When o usuário confirma a compra Then o pedido deve ser finalizado com sucesso And o sistema deve exibir a confirmação da compra Scenario: Finalizar compra sem informar dados obrigatórios Given que o usuário está autenticado And que existem produtos selecionados no carrinho When o usuário tenta finalizar a compra sem preencher um ou mais dados obrigatórios Then a compra não deve ser finalizada And o sistema deve informar quais dados precisam ser preenchidos Scenario: Informar dados de entrega inválidos Given que o usuário está autenticado And que existem produtos selecionados no carrinho When o usuário informa dados de entrega inválidos And tenta finalizar a compra Then a compra não deve ser finalizada And o sistema deve informar que os dados de entrega são inválidos Scenario: Informar dados de pagamento inválidos Given que o usuário está autenticado And que existem produtos selecionados no carrinho When o usuário informa dados de pagamento inválidos And tenta finalizar a compra Then a compra não deve ser finalizada And o sistema deve informar que os dados de pagamento são inválidos Scenario: Finalizar compra com carrinho vazio Given que o usuário está autenticado And que o carrinho não possui produtos When o usuário tenta finalizar a compra Then a compra não deve ser finalizada And o sistema deve informar que o carrinho está vazio Scenario: Tentar finalizar compra sem estar autenticado Given que o usuário não está autenticado And que existem produtos selecionados no carrinho When o usuário tenta finalizar a compra Then o sistema deve solicitar a autenticação And a compra não deve ser finalizada Scenario: Cancelar a finalização da compra Given que o usuário está autenticado And que existem produtos selecionados no carrinho And que os dados necessários foram preenchidos corretamente When o usuário cancela a finalização da compra Then o pedido não deve ser criado And os produtos devem permanecer no carrinho Scenario: Exibir os dados do pedido após a finalização Given que o usuário está autenticado And que existem produtos selecionados no carrinho And que todos os dados necessários foram preenchidos corretamente When o usuário finaliza a compra Then o sistema deve exibir uma mensagem de confirmação And o sistema deve apresentar os dados do pedido | L20: 8

Sheet C1
A1: C1 — abordagem com entrada estruturada
A2: História de usuário, critérios de aceitação e regras de negócio estruturadas, com prompt parametrizado e verificação estrutural.
A3: História ID | B3: Execução ID | C3: Data | D3: Modelo | E3: Plano | F3: Prompt utilizado | G3: Entrada fornecida | H3: Saída bruta da IA | I3: Critérios de aceitação utilizados (IDs) | J3: Regras de negócio utilizadas (IDs) | K3: Versão do prompt parametrizado | L3: Arquivo da saída bruta (caminho ou link) | M3: Quantidade de cenários gerados | N3: Observações
A4: H1 | B4: E1 | C4: 46299 | D4: =IF(INSTRUCOES!$B$12="","",INSTRUCOES!$B$12) -> GPT-5.6 Luna (Free) | E4: Free | F4: Prompt C1 — versão 1.0 | G4: História H01 + CA01–CA07 + RN02–RN07 | H4: 6 cenários Gherkin / referência ao arquivo salvo | I4: CA01–CA07 | J4: RN02–RN07 | K4: C1-v1.0 | L4: https://docs.google.com/document/d/1hycAhxcLjVdIZX4-2e860M2vrz7OH5cQjoRqGlqhqzk/edit?tab=t.0 | M4: 6 | N4: Saída bruta registrada sem alterações ou correções.
A5: H1 | B5: E2 | C5: 46299 | D5: =IF(INSTRUCOES!$B$12="","",INSTRUCOES!$B$12) -> GPT-5.6 Luna (Free) | E5: Free | F5: Prompt C1 — versão 1.0 | G5: História H01 + CA01–CA07 + RN02–RN07 | H5: 6 cenários Gherkin | I5: CA01–CA07 | J5: RN02–RN07 | K5: C1-v1.0 | L5: https://docs.google.com/document/d/1hycAhxcLjVdIZX4-2e860M2vrz7OH5cQjoRqGlqhqzk/edit?tab=t.0 | M5: 6 | N5: Saída bruta registrada sem alterações ou correções.
A6: H1 | B6: E3 | C6: 46299 | D6: =IF(INSTRUCOES!$B$12="","",INSTRUCOES!$B$12) -> GPT-5.6 Luna (Free) | E6: Free | F6: Prompt C1 — versão 1.0 | G6: História H01 + CA01–CA07 + RN02–RN07 | H6: 6 cenários Gherkin | I6: CA01–CA07 | J6: RN02–RN07 | K6: C1-v1.0 | L6: https://docs.google.com/document/d/1hycAhxcLjVdIZX4-2e860M2vrz7OH5cQjoRqGlqhqzk/edit?tab=t.0 | M6: 6 | N6: Saída bruta registrada sem alterações ou correções.
A8: H2 | B8: E1 | C8: 46299 | D8: =IF(INSTRUCOES!$B$12="","",INSTRUCOES!$B$12) -> GPT-5.6 Luna (Free) | E8: Free | F8: Prompt C1 — versão 1.0 | G8: História H02 + CA08–CA14 + RN08–RN14 | H8: 7 cenários Gherkin | I8: CA08–CA14 | J8: RN08–RN14 | K8: C1-v1.0 | L8: https://docs.google.com/document/d/1hycAhxcLjVdIZX4-2e860M2vrz7OH5cQjoRqGlqhqzk/edit?tab=t.0 | M8: 7 | N8: Saída bruta registrada sem alterações ou correções.
A9: H2 | B9: E2 | C9: 46299 | D9: =IF(INSTRUCOES!$B$12="","",INSTRUCOES!$B$12) -> GPT-5.6 Luna (Free) | E9: Free | F9: Prompt C1 — versão 1.0 | G9: História H02 + CA08–CA14 + RN08–RN14 | H9: 7 cenários Gherkin | I9: CA08–CA14 | J9: RN08–RN14 | K9: C1-v1.0 | L9: https://docs.google.com/document/d/1hycAhxcLjVdIZX4-2e860M2vrz7OH5cQjoRqGlqhqzk/edit?tab=t.0 | M9: 7 | N9: Saída bruta registrada sem alterações ou correções.
A10: H2 | B10: E3 | C10: 46299 | D10: =IF(INSTRUCOES!$B$12="","",INSTRUCOES!$B$12) -> GPT-5.6 Luna (Free) | E10: Free | F10: Prompt C1 — versão 1.0 | G10: História H02 + CA08–CA14 + RN08–RN14 | H10: 7 cenários Gherkin | I10: CA08–CA14 | J10: RN08–RN14 | K10: C1-v1.0 | L10: https://docs.google.com/document/d/1hycAhxcLjVdIZX4-2e860M2vrz7OH5cQjoRqGlqhqzk/edit?tab=t.0 | M10: 7 | N10: Saída bruta registrada sem alterações ou correções.
A12: H3 | B12: E1 | C12: 46299 | D12: =IF(INSTRUCOES!$B$12="","",INSTRUCOES!$B$12) -> GPT-5.6 Luna (Free) | E12: Free | F12: Prompt C1 — versão 1.0 | G12: História H03 + CA15–CA24 + RN15–RN24 | H12: 10 cenários Gherkin | I12: CA15–CA24 | J12: RN15–RN24 | K12: C1-v1.0 | L12: https://docs.google.com/document/d/1hycAhxcLjVdIZX4-2e860M2vrz7OH5cQjoRqGlqhqzk/edit?tab=t.0 | M12: 10 | N12: Saída bruta registrada sem alterações ou correções.
A13: H3 | B13: E2 | C13: 46299 | D13: =IF(INSTRUCOES!$B$12="","",INSTRUCOES!$B$12) -> GPT-5.6 Luna (Free) | E13: Free | F13: Prompt C1 — versão 1.0 | G13: História H03 + CA15–CA24 + RN15–RN24 | H13: 10 cenários Gherkin | I13: CA15–CA24 | J13: RN15–RN24 | K13: C1-v1.0 | L13: https://docs.google.com/document/d/1hycAhxcLjVdIZX4-2e860M2vrz7OH5cQjoRqGlqhqzk/edit?tab=t.0 | M13: 10 | N13: Saída bruta registrada sem alterações ou correções.
A14: H3 | B14: E3 | C14: 46299 | D14: =IF(INSTRUCOES!$B$12="","",INSTRUCOES!$B$12) -> GPT-5.6 Luna (Free) | E14: Free | F14: Prompt C1 — versão 1.0 | G14: História H03 + CA15–CA24 + RN15–RN24 | H14: 10 cenários Gherkin | I14: CA15–CA24 | J14: RN15–RN24 | K14: C1-v1.0 | L14: https://docs.google.com/document/d/1hycAhxcLjVdIZX4-2e860M2vrz7OH5cQjoRqGlqhqzk/edit?tab=t.0 | M14: 10 | N14: Saída bruta registrada sem alterações ou correções.

Sheet C2
A1: C2 — processo estruturado completo
A2: Entradas de C1 acrescidas de tabela de decisão e contexto do sistema, com validação humana e refinamento. Uma linha por iteração: a iteração 1 registra a geração inicial; as seguintes registram os refinamentos.
A3: História ID | B3: Execução ID | C3: Data | D3: Modelo | E3: Plano | F3: Prompt utilizado | G3: Entrada fornecida | H3: Saída bruta da IA | I3: Critérios de aceitação utilizados (IDs) | J3: Regras de negócio utilizadas (IDs) | K3: Tabela de decisão utilizada (IDs) | L3: Contexto do sistema fornecido | M3: Versão do prompt parametrizado | N3: Arquivo da saída bruta (caminho ou link) | O3: Quantidade de cenários gerados | P3: Observações
A4: H1 | B4: E1 | C4: 46299 | D4: =IF(INSTRUCOES!$B$12="","",INSTRUCOES!$B$12) -> GPT-5.6 Luna (Free) | E4: Free | F4: Prompt C2 — versão 1.0 | G4: História H01 + CA01–CA07 + RN02–RN07 + tabela de decisão H01 + contexto do sistema | H4: 6 cenários Gherkin + seção de lacunas e premissas | I4: CA01–CA07 | J4: RN02–RN07 | K4: H01 — Tabela de decisão de autenticação | L4: O sistema é uma aplicação web de comércio eletrônico. A funcionalidade analisada corresponde à autenticação de usuários. O usuário acessa a tela de login e informa nome de usuário e senha. Quando as credenciais são válidas, o sistema permite o acesso à área de produtos. Quando as credenciais são inválidas ou estão incompletas, o acesso não deve ser permitido e o sistema deve apresentar a mensagem ou comportamento de erro correspondente. Usuários bloqueados também não devem obter acesso ao sistema. | M4: C2-v1.0 | N4: https://docs.google.com/document/d/1hycAhxcLjVdIZX4-2e860M2vrz7OH5cQjoRqGlqhqzk/edit?tab=t.0 | O4: 6 | P4: Saída bruta registrada sem alterações ou correções.
A5: H1 | B5: E2 | C5: 46299 | D5: =IF(INSTRUCOES!$B$12="","",INSTRUCOES!$B$12) -> GPT-5.6 Luna (Free) | E5: Free | F5: Prompt C2 — versão 1.0 | G5: História H01 + CA01–CA07 + RN02–RN07 + tabela de decisão H01 + contexto do sistema H01 | H5: 6 cenários Gherkin | I5: CA01–CA07 | J5: RN02–RN07 | K5: H01 — Tabela de decisão de autenticação | L5: H01 — Contexto do sistema de autenticação | M5: C2-v1.0 | N5: https://docs.google.com/document/d/1hycAhxcLjVdIZX4-2e860M2vrz7OH5cQjoRqGlqhqzk/edit?tab=t.0 | O5: 6 | P5: Saída bruta registrada sem alterações ou correções.
A6: H1 | B6: E3 | C6: 46299 | D6: =IF(INSTRUCOES!$B$12="","",INSTRUCOES!$B$12) -> GPT-5.6 Luna (Free) | E6: Free | F6: Prompt C2 — versão 1.0 | G6: História H01 + CA01–CA07 + RN02–RN07 + tabela de decisão H01 + contexto do sistema H01 | H6: 6 cenários Gherkin | I6: CA01–CA07 | J6: RN02–RN07 | K6: H01 — Tabela de decisão de autenticação | L6: H01 — Contexto do sistema de autenticação | M6: C2-v1.0 | N6: https://docs.google.com/document/d/1hycAhxcLjVdIZX4-2e860M2vrz7OH5cQjoRqGlqhqzk/edit?tab=t.0 | O6: 6 | P6: Saída bruta registrada sem alterações ou correções.
A8: H2 | B8: E1 | C8: 46299 | D8: =IF(INSTRUCOES!$B$12="","",INSTRUCOES!$B$12) -> GPT-5.6 Luna (Free) | E8: Free | F8: Prompt C2 — versão 1.0 | G8: História H02 + CA08–CA14 + RN08–RN14 + tabela de decisão H02 + contexto do sistema H02 | H8: 7 cenários Gherkin | I8: CA08–CA14 | J8: RN08–RN14 | K8: TD08–TD13 | L8: H02 — Contexto do sistema de gerenciamento do carrinho | M8: C2-v1.0 | N8: https://docs.google.com/document/d/1hycAhxcLjVdIZX4-2e860M2vrz7OH5cQjoRqGlqhqzk/edit?tab=t.0 | O8: 7 | P8: Saída bruta registrada sem alterações ou correções.
A9: H2 | B9: E2 | C9: 46299 | D9: =IF(INSTRUCOES!$B$12="","",INSTRUCOES!$B$12) -> GPT-5.6 Luna (Free) | E9: Free | F9: Prompt C2 — versão 1.0 | G9: História H02 + CA08–CA14 + RN08–RN14 + tabela de decisão H02 + contexto do sistema H02 | H9: 7 cenários Gherkin | I9: CA08–CA14 | J9: RN08–RN14 | K9: TD08–TD13 | L9: H02 — Contexto do sistema de gerenciamento do carrinho | M9: C2-v1.0 | N9: https://docs.google.com/document/d/1hycAhxcLjVdIZX4-2e860M2vrz7OH5cQjoRqGlqhqzk/edit?tab=t.0 | O9: 7 | P9: Saída bruta registrada sem alterações ou correções.
A10: H2 | B10: E3 | C10: 46299 | D10: =IF(INSTRUCOES!$B$12="","",INSTRUCOES!$B$12) -> GPT-5.6 Luna (Free) | E10: Free | F10: Prompt C2 — versão 1.0 | G10: História H02 + CA08–CA14 + RN08–RN14 + tabela de decisão H02 + contexto do sistema H02 | H10: 7 cenários Gherkin | I10: CA08–CA14 | J10: RN08–RN14 | K10: TD08–TD13 | L10: H02 — Contexto do sistema de gerenciamento do carrinho | M10: C2-v1.0 | N10: https://docs.google.com/document/d/1hycAhxcLjVdIZX4-2e860M2vrz7OH5cQjoRqGlqhqzk/edit?tab=t.0 | O10: 7 | P10: Saída bruta registrada sem alterações ou correções.
A12: H3 | B12: E1 | C12: 46299 | D12: =IF(INSTRUCOES!$B$12="","",INSTRUCOES!$B$12) -> GPT-5.6 Luna (Free) | E12: Free | F12: Prompt C2 — versão 1.0 | G12: História H03 + CA15–CA24 + RN15–RN24 + tabela de decisão H03 (TD14–TD21) + contexto do sistema H03 | H12: 8 cenários Gherkin / referência ao arquivo salvo | I12: CA15–CA24 | J12: RN15–RN24 | K12: TD14–TD21 | L12: H03 — Contexto do sistema de checkout / finalização da compra | M12: C2-v1.0 | N12: https://docs.google.com/document/d/1hycAhxcLjVdIZX4-2e860M2vrz7OH5cQjoRqGlqhqzk/edit?tab=t.0 | O12: 8 | P12: Saída bruta registrada sem alterações ou correções.
A13: H3 | B13: E2 | C13: 46299 | D13: =IF(INSTRUCOES!$B$12="","",INSTRUCOES!$B$12) -> GPT-5.6 Luna (Free) | E13: Free | F13: Prompt C2 — versão 1.0 | G13: História H03 + CA15–CA24 + RN15–RN24 + tabela de decisão H03 (TD14–TD21) + contexto do sistema H03 | H13: 9 cenários Gherkin / referência ao arquivo salvo | I13: CA15–CA24 | J13: RN15–RN24 | K13: TD14–TD21 | L13: H03 — Contexto do sistema de checkout / finalização da compra | M13: C2-v1.0 | N13: https://docs.google.com/document/d/1hycAhxcLjVdIZX4-2e860M2vrz7OH5cQjoRqGlqhqzk/edit?tab=t.0 | O13: 9 | P13: Saída bruta registrada sem alterações ou correções.
A14: H3 | B14: E3 | C14: 46299 | D14: =IF(INSTRUCOES!$B$12="","",INSTRUCOES!$B$12) -> GPT-5.6 Luna (Free) | E14: Free | F14: Prompt C2 — versão 1.0 | G14: História H03 + CA15–CA24 + RN15–RN24 + tabela de decisão H03 (TD14–TD21) + contexto do sistema H03 | H14: 9 cenários Gherkin / referência ao arquivo salvo | I14: CA15–CA24 | J14: RN15–RN24 | K14: TD14–TD21 | L14: H03 — Contexto do sistema de checkout / finalização da compra | M14: C2-v1.0 | N14: https://docs.google.com/document/d/1hycAhxcLjVdIZX4-2e860M2vrz7OH5cQjoRqGlqhqzk/edit?tab=t.0 | O14: 9 | P14: Saída bruta registrada sem alterações ou correções.

Sheet RASTREABILIDADE
A1: RASTREABILIDADE — cenários gerados x gabarito
A2: Uma linha por cenário gerado, em cada condição e execução. É esta aba que alimenta as métricas de cobertura, cenários espúrios e densidade da aba RESUMO.
A3: Condição | B3: História ID | C3: Execução ID | D3: Cenário gerado ID | E3: Regra ID do gabarito | F3: Correspondência com regra? | G3: Cenário esperado correspondente | H3: Exceção coberta? | I3: Cenário espúrio? | J3: Observações
A4: C0 | B4: H01 | C4: E1 | D4: C0-H01-E1-01 | E4: RN06, RN07 | F4: Sim | G4: SC06 | H4: N/A | I4: Não | J4: O cenário representa credenciais válidas, autentica o usuário e permite o acesso à área de produtos, cobrindo RN06 e RN07.
A5: C0 | B5: H01 | C5: E1 | D5: C0-H01-E1-02 | E5: RN04 | F5: Sim | G5: SC03 | H5: N/A | I5: Não | J5: O cenário representa usuário inválido com senha válida, nega o acesso e informa credenciais inválidas. Corresponde ao comportamento de usuário inexistente.
A6: C0 | B6: H01 | C6: E1 | D6: C0-H01-E1-03 | E6: RN04 | F6: Sim | G6: SC04 | H6: N/A | I6: Não | J6: O cenário representa nome de usuário válido com senha inválida, nega o acesso e informa credenciais inválidas.
A7: C0 | B7: H01 | C7: E1 | D7: C0-H01-E1-04 | E7: RN02 | F7: Sim | G7: SC01 | H7: N/A | I7: Não | J7: O cenário representa a ausência do nome de usuário, impede o acesso e informa que o campo deve ser preenchido.
A8: C0 | B8: H01 | C8: E1 | D8: C0-H01-E1-05 | E8: RN03 | F8: Sim | G8: SC02 | H8: N/A | I8: Não | J8: O cenário representa a ausência da senha, impede o acesso e informa que o campo deve ser preenchido.
A9: C0 | B9: H01 | C9: E1 | D9: C0-H01-E1-06 | E9: N/A | F9: Não | G9: N/A | H9: N/A | I9: Não | J9: O cenário combina a ausência do nome de usuário e da senha. O gabarito possui cenários separados para cada condição e não estabelece um cenário específico para os dois campos ausentes simultaneamente. O cenário possui relação com RN02 e RN03, mas não atende integralmente ao resultado esperado individual de nenhuma delas.
A11: C0 | B11: H01 | C11: E2 | D11: C0-H01-E2-01 | E11: RN06, RN07 | F11: Sim | G11: SC06 | H11: N/A | I11: Não | J11: Credenciais válidas; autentica o usuário e direciona para a área de produtos.
A12: C0 | B12: H01 | C12: E2 | D12: C0-H01-E2-02 | E12: RN04 | F12: Sim | G12: SC03 | H12: N/A | I12: Não | J12: Usuário inválido; corresponde ao cenário de usuário inexistente e acesso negado.
A13: C0 | B13: H01 | C13: E2 | D13: C0-H01-E2-03 | E13: RN04 | F13: Sim | G13: SC04 | H13: N/A | I13: Não | J13: Senha inválida para usuário existente; acesso negado.
A14: C0 | B14: H01 | C14: E2 | D14: C0-H01-E2-04 | E14: RN02 | F14: Sim | G14: SC01 | H14: N/A | I14: Não | J14: Nome de usuário não informado; sistema informa que o campo é obrigatório.
A15: C0 | B15: H01 | C15: E2 | D15: C0-H01-E2-05 | E15: RN03 | F15: Sim | G15: SC02 | H15: N/A | I15: Não | J15: Senha não informada; sistema informa que o campo é obrigatório.
... A246: C2 | B246: H03 | C246: E3 | D246: C2-H03-E3-09 | E246: RN18 | F246: Não | G246: N/A | H246: N/A | I246: Não | J246: O cenário trata do bloqueio quando há campos não informados, portanto não contempla o comportamento positivo da RN18 de avançar para Checkout: Overview.

Sheet INTERVENCOES
A1: INTERVENCOES — registro do esforço humano
A2: Uma linha por intervenção humana realizada sobre os cenários gerados. O tempo deve ser informado em minutos, apenas como número.
A3: Condição | B3: História ID | C3: Execução ID | D3: Iteração | E3: Cenário ID | F3: Tipo de intervenção | G3: Descrição | H3: Correção realizada | I3: Tempo aproximado (min) | J3: Responsável | K3: Resultado
A4: C0 | B4: H01 | C4: E1 | D4: 1 | E4: C0-H01-E1-06 | F4: Correção semântica | G4: O cenário original apresentava usuário e senha ausentes com resultado genérico, sem explicitar os resultados esperados das regras RN02 e RN03. | H4: Foram explicitados os resultados esperados de obrigatoriedade do usuário e da senha. https://docs.google.com/document/d/1hycAhxcLjVdIZX4-2e860M2vrz7OH5cQjoRqGlqhqzk/edit?tab=t.0 | I4: 2 | J4: Pesquisador | K4: Corrigido
A5: C0 | B5: H01 | C5: E3 | D5: 1 | E5: C0-H01-E3-04 | F5: Remoção de cenário sem correspondência | G5: O cenário combina usuário inválido e senha inválida, condição que não possui correspondência completa com os cenários previstos no gabarito. | H5: Cenário retirado da seleção para automação por não possuir correspondência completa com o gabarito. | I5: 2 | J5: Pesquisador | K5: Removido
A6: C0 | B6: H02 | C6: E1 | D6: 1 | E6: C0-H02-E1-06 | F6: Remoção de cenário espúrio | G6: O cenário trata da alteração de quantidade ou valor do produto, comportamento que não possui regra correspondente no gabarito congelado. | H6: Cenário removido da seleção para automação por não possuir rastreabilidade com nenhuma regra do gabarito. | I6: 2 | J6: Pesquisador | K6: Removido

Sheet AUTOMACAO
A1: AUTOMACAO — implementação e execução
A2: Ambiente previsto: Cucumber, Playwright e SauceDemo. Falhas de conteúdo do cenário e falhas técnicas ou de ambiente devem ser registradas em colunas separadas e nunca somadas na mesma contagem.
A3: Condição | B3: História ID | C3: Execução ID | D3: Cenário ID | E3: Cenário Gherkin | F3: Automação implementada ? | G3: Executado? | H3: Executado sem correção? | I3: Executado após correção? | J3: Falhou por problema de conteúdo? | K3: Falhou por problema técnico/ambiente? | L3: Correção realizada | M3: Resultado | N3: Observações
A4: C1 | B4: H01 | C4: E1 | D4: CT01 | E4: Tentar realizar login sem informar o Username | F4: Sim | G4: Sim | H4: Sim | I4: Não | J4: Não | K4: Não | L4: N/A | M4: PASSOU
A5: C1 | B5: H01 | C5: E1 | D5: CT02 | E5: Tentar realizar login sem informar a Password | F5: Sim | G5: Sim | H5: Sim | I5: Não | J5: Não | K5: Não | L5: N/A | M5: PASSOU
A6: C1 | B6: H01 | C6: E1 | D6: CT03 | E6: Tentar realizar login com Username inexistente | F6: Sim | G6: Sim | H6: Sim | I6: Não | J6: Não | K6: Não | L6: N/A | M6: PASSOU
A7: C1 | B7: H01 | C7: E1 | D7: CT04 | E7: Tentar realizar login com Password incorreta | F7: Sim | G7: Sim | H7: Sim | I7: Não | J7: Não | K7: Não | L7: N/A | M7: PASSOU
A8: C1 | B8: H01 | C8: E1 | D8: CT05 | E8: Tentar realizar login com usuário bloqueado | F8: Sim | G8: Sim | H8: Sim | I8: Não | J8: Não | K8: Não | L8: N/A | M8: PASSOU
A9: C1 | B9: H01 | C9: E1 | D9: CT06 | E9: Realizar login com credenciais válidas | F9: Sim | G9: Sim | H9: Sim | I9: Não | J9: Não | K9: Não | L9: N/A | M9: PASSOU
A11: C1 | B11: H02 | C11: E1 | D11: CT01 | E11: Adicionar produto ao carrinho | F11: Sim | G11: Sim | H11: Sim | I11: Não | J11: Não | K11: Não | L11: N/A | M11: PASSOU
A12: C1 | B12: H02 | C12: E1 | D12: CT02 | E12: Impedir duplicação do mesmo produto no carrinho | F12: Sim | G12: Sim | H12: Sim | I12: Não | J12: Não | K12: Não | L12: N/A | M12: PASSOU | N12: Reexecutado com verificação da alteração do botão de adição para remoção e da quantidade única do produto no carrinho. Sem correções.
A13: C1 | B13: H02 | C13: E1 | D13: CT03 | E13: Visualizar produto, quantidade e preço no carrinho | F13: Sim | G13: Sim | H13: Sim | I13: Não | J13: Não | K13: Não | L13: N/A | M13: PASSOU
A14: C1 | B14: H02 | C14: E1 | D14: CT04 | E14: Remover produto do carrinho | F14: Sim | G14: Sim | H14: Sim | I14: Não | J14: Não | K14: Não | L14: N/A | M14: PASSOU
A15: C1 | B15: H02 | C15: E1 | D15: CT05 | E15: Remover todos os produtos do carrinho | F15: Sim | G15: Sim | H15: Sim | I15: Não | J15: Não | K15: Não | L15: N/A | M15: PASSOU
A16: C1 | B16: H02 | C16: E1 | D16: CT06 | E16: Continuar comprando a partir do carrinho | F16: Sim | G16: Sim | H16: Sim | I16: Não | J16: Não | K16: Não | L16: N/A | M16: PASSOU
A17: C1 | B17: H02 | C17: E1 | D17: CT07 | E17: Acessar o checkout a partir do carrinho | F17: Sim | G17: Sim | H17: Sim | I17: Não | J17: Não | K17: Não | L17: N/A | M17: PASSOU
A19: C1 | B19: H03 | C19: E1 | D19: CT01 | E19: Impedir avanço sem informar o First Name | F19: Sim | G19: Sim | H19: Sim | I19: Não | J19: Não | K19: Não | L19: N/A | M19: PASSOU | N19: O sistema impediu o avanço e apresentou a mensagem de obrigatoriedade do First Name.
A20: C1 | B20: H03 | C20: E1 | D20: CT02 | E20: Impedir avanço sem informar o Last Name | F20: Sim | G20: Sim | H20: Sim | I20: Não | J20: Não | K20: Não | L20: N/A | M20: PASSOU | N20: O sistema impediu o avanço e apresentou a mensagem de obrigatoriedade do Last Name.
A21: C1 | B21: H03 | C21: E1 | D21: CT03 | E21: Impedir avanço sem informar o Postal Code | F21: Sim | G21: Sim | H21: Sim | I21: Não | J21: Não | K21: Não | L21: N/A | M21: PASSOU | N21: O sistema impediu o avanço e apresentou a mensagem de obrigatoriedade do Postal Code.
A22: C1 | B22: H03 | C22: E1 | D22: CT04 | E22: Avançar para o Checkout Overview com os dados obrigatórios preenchidos | F22: Sim | G22: Sim | H22: Sim | I22: Não | J22: Não | K22: Não | L22: N/A | M22: PASSOU | N22: Com os dados obrigatórios preenchidos, o sistema permitiu o avanço para a etapa Checkout: Overview.
A23: C1 | B23: H03 | C23: E1 | D23: CT05 | E23: Cancelar o checkout e retornar para a página de produtos | F23: Sim | G23: Sim | H23: Sim | I23: Não | J23: Sim | K23: Não | L23: N/A | M23: FALHOU | N23: Ao clicar em Cancel no checkout, a aplicação retornou para cart.html (carrinho), enquanto o resultado esperado no gabarito é o retorno para inventory.html (produtos). Comportamento confirmado também por verificação manual.
A24: C1 | B24: H03 | C24: E1 | D24: CT06 | E24: Apresentar o Checkout Overview antes da finalização da compra | F24: Sim | G24: Sim | H24: Sim | I24: Não | J24: Não | K24: Não | L24: N/A | M24: PASSOU | N24: Após o preenchimento dos dados e avanço no checkout, o sistema apresentou a etapa Checkout: Overview antes da finalização da compra.
A25: C1 | B25: H03 | C25: E1 | D25: CT07 | E25: Finalizar a compra | F25: Sim | G25: Sim | H25: Sim | I25: Não | J25: Não | K25: Não | L25: N/A | M25: PASSOU | N25: A seleção da opção Finish finalizou o processo de compra e direcionou para a página Checkout: Complete!.
A26: C1 | B26: H03 | C26: E1 | D26: CT08 | E26: Apresentar a confirmação de conclusão da compra | F26: Sim | G26: Sim | H26: Sim | I26: Não | J26: Não | K26: Não | L26: N/A | M26: PASSOU | N26: Após a finalização da compra, o sistema apresentou a página Checkout: Complete! e a confirmação da conclusão do pedido.
A27: C1 | B27: H03 | C27: E1 | D27: CT09 | E27: Retornar à página de produtos após concluir a compra | F27: Sim | G27: Sim | H27: Sim | I27: Não | J27: Não | K27: Não | L27: N/A | M27: PASSOU | N27: Após finalizar a compra, a opção de retorno direcionou o usuário para a página de produtos (inventory.html).
A28: C1 | B28: H03 | C28: E1 | D28: CT10 | E28: Gerar e baixar o PDF do pedido | F28: Sim | G28: Sim | H28: Sim | I28: Não | J28: Não | K28: Não | L28: N/A | M28: PASSOU | N28: O recurso de PDF foi localizado, o documento foi gerado e o download foi realizado com sucesso. Arquivo: swag-labs-order-2026-10-07_03-45-57.pdf
A30: C1 | B30: H01 | C30: E2 | D30: CT01 | E30: Tentar realizar o login sem informar Username | F30: Sim | G30: Sim | H30: Sim | I30: Não | J30: Não | K30: Não | L30: N/A | M30: PASSOU | N30: Executado sem correções.
A31: C1 | B31: H01 | C31: E2 | D31: CT02 | E31: Tentar realizar login sem informar Password | F31: Sim | G31: Sim | H31: Sim | I31: Não | J31: Não | K31: Não | L31: N/A | M31: PASSOU | N31: Executado sem correções.
... A152: C2 | B152: H03 | C152: E3 | D152: CT08 | E152: Gerar e baixar PDF do pedido | F152: Sim | G152: Sim | H152: Sim | I152: Não | J152: Não | K152: Não | L152: N/A | M152: PASSOU | N152: Executado com sucesso, sem correções.

Sheet APURACAO
A1: APURACAO — aba auxiliar de cálculo
A2: Espelha linha a linha a aba GABARITO e marca, por condição, a cobertura de cada regra e de cada cenário de exceção. Aba calculada: não editar. Respeita os filtros de execução e de história definidos na aba RESUMO.
A3: Linha do gabarito | B3: Regra ID (1ª ocorrência) | C3: Cenário esperado ID | D3: Exceção? | E3: Regra coberta C0 | F3: Regra coberta C1 | G3: Regra coberta C2 | H3: Exceção coberta C0 | I3: Exceção coberta C1 | J3: Exceção coberta C2
A4: 4 | B4: =IF(GABARITO!$B4="","",IF(COUNTIF(GABARITO!$B$4:$B4,GABARITO!$B4)=1,GABARITO!$B4,"")) -> RN02 | C4: =IF(GABARITO!$G4="","",GABARITO!$G4) -> SC01 | D4: =IF(GABARITO!$J4="","",GABARITO!$J4) -> Não | E4: =IFERROR(__xludf.DUMMYFUNCTION("IF($B4="""","""",IF(SUMPRODUCT((RASTREABILIDADE!$A$2:$A$2000=""C0"")*(RASTREABILIDADE!$F$2:$F$2000=""Sim"")*REGEXMATCH(RASTREABILIDADE!$E$2:$E$2000,""(^|[^A-Za-z0-9])""&$B4&""($|[^A-Za-z0-9])"")*(((RESUMO!$B$5=""Todas"")+(RASTREABILIDADE!$C$2:$C$2000=RESU"&"MO!$B$5))>0)*(((RESUMO!$B$6=""Todas"")+(RASTREABILIDADE!$B$2:$B$2000=RESUMO!$B$6))>0))>0,1,0))"),1.0) -> 1 | F4: =IFERROR(__xludf.DUMMYFUNCTION("IF($B4="""","""",IF(SUMPRODUCT((RASTREABILIDADE!$A$2:$A$2000=""C1"")*(RASTREABILIDADE!$F$2:$F$2000=""Sim"")*REGEXMATCH(RASTREABILIDADE!$E$2:$E$2000,""(^|[^A-Za-z0-9])""&$B4&""($|[^A-Za-z0-9])"")*(((RESUMO!$B$5=""Todas"")+(RASTREABILIDADE!$C$2:$C$2000=RESU"&"MO!$B$5))>0)*(((RESUMO!$B$6=""Todas"")+(RASTREABILIDADE!$B$2:$B$2000=RESUMO!$B$6))>0))>0,1,0))"),1.0) -> 1 | G4: =IFERROR(__xludf.DUMMYFUNCTION("IF($B4="""","""",IF(SUMPRODUCT((RASTREABILIDADE!$A$2:$A$2000=""C2"")*(RASTREABILIDADE!$F$2:$F$2000=""Sim"")*REGEXMATCH(RASTREABILIDADE!$E$2:$E$2000,""(^|[^A-Za-z0-9])""&$B4&""($|[^A-Za-z0-9])"")*(((RESUMO!$B$5=""Todas"")+(RASTREABILIDADE!$C$2:$C$2000=RESU"&"MO!$B$5))>0)*(((RESUMO!$B$6=""Todas"")+(RASTREABILIDADE!$B$2:$B$2000=RESUMO!$B$6))>0))>0,1,0))"),1.0) -> 1 | H4: =IF(OR($C4="",$D4<>"Sim"),"",IF(COUNTIFS(RASTREABILIDADE!$A:$A,"C0",RASTREABILIDADE!$G:$G,$C4,RASTREABILIDADE!$H:$H,"Sim",RASTREABILIDADE!$C:$C,IF(RESUMO!$B$5="Todas","<>",RESUMO!$B$5),RASTREABILIDADE!$B:$B,IF(RESUMO!$B$6="Todas","<>",RESUMO!$B$6))>0,1,0)) | I4: =IF(OR($C4="",$D4<>"Sim"),"",IF(COUNTIFS(RASTREABILIDADE!$A:$A,"C1",RASTREABILIDADE!$G:$G,$C4,RASTREABILIDADE!$H:$H,"Sim",RASTREABILIDADE!$C:$C,IF(RESUMO!$B$5="Todas","<>",RESUMO!$B$5),RASTREABILIDADE!$B:$B,IF(RESUMO!$B$6="Todas","<>",RESUMO!$B$6))>0,1,0)) | J4: =IF(OR($C4="",$D4<>"Sim"),"",IF(COUNTIFS(RASTREABILIDADE!$A:$A,"C2",RASTREABILIDADE!$G:$G,$C4,RASTREABILIDADE!$H:$H,"Sim",RASTREABILIDADE!$C:$C,IF(RESUMO!$B$5="Todas","<>",RESUMO!$B$5),RASTREABILIDADE!$B:$B,IF(RESUMO!$B$6="Todas","<>",RESUMO!$B$6))>0,1,0))
A5: 5 | B5: =IF(GABARITO!$B5="","",IF(COUNTIF(GABARITO!$B$4:$B5,GABARITO!$B5)=1,GABARITO!$B5,"")) -> RN03 | C5: =IF(GABARITO!$G5="","",GABARITO!$G5) -> SC02 | D5: =IF(GABARITO!$J5="","",GABARITO!$J5) -> Não | E5: =IFERROR(__xludf.DUMMYFUNCTION("IF($B5="""","""",IF(SUMPRODUCT((RASTREABILIDADE!$A$2:$A$2000=""C0"")*(RASTREABILIDADE!$F$2:$F$2000=""Sim"")*REGEXMATCH(RASTREABILIDADE!$E$2:$E$2000,""(^|[^A-Za-z0-9])""&$B5&""($|[^A-Za-z0-9])"")*(((RESUMO!$B$5=""Todas"")+(RASTREABILIDADE!$C$2:$C$2000=RESU"&"MO!$B$5))>0)*(((RESUMO!$B$6=""Todas"")+(RASTREABILIDADE!$B$2:$B$2000=RESUMO!$B$6))>0))>0,1,0))"),1.0) -> 1 | F5: =IFERROR(__xludf.DUMMYFUNCTION("IF($B5="""","""",IF(SUMPRODUCT((RASTREABILIDADE!$A$2:$A$2000=""C1"")*(RASTREABILIDADE!$F$2:$F$2000=""Sim"")*REGEXMATCH(RASTREABILIDADE!$E$2:$E$2000,""(^|[^A-Za-z0-9])""&$B5&""($|[^A-Za-z0-9])"")*(((RESUMO!$B$5=""Todas"")+(RASTREABILIDADE!$C$2:$C$2000=RESU"&"MO!$B$5))>0)*(((RESUMO!$B$6=""Todas"")+(RASTREABILIDADE!$B$2:$B$2000=RESUMO!$B$6))>0))>0,1,0))"),1.0) -> 1 | G5: =IFERROR(__xludf.DUMMYFUNCTION("IF($B5="""","""",IF(SUMPRODUCT((RASTREABILIDADE!$A$2:$A$2000=""C2"")*(RASTREABILIDADE!$F$2:$F$2000=""Sim"")*REGEXMATCH(RASTREABILIDADE!$E$2:$E$2000,""(^|[^A-Za-z0-9])""&$B5&""($|[^A-Za-z0-9])"")*(((RESUMO!$B$5=""Todas"")+(RASTREABILIDADE!$C$2:$C$2000=RESU"&"MO!$B$5))>0)*(((RESUMO!$B$6=""Todas"")+(RASTREABILIDADE!$B$2:$B$2000=RESUMO!$B$6))>0))>0,1,0))"),1.0) -> 1 | H5: =IF(OR($C5="",$D5<>"Sim"),"",IF(COUNTIFS(RASTREABILIDADE!$A:$A,"C0",RASTREABILIDADE!$G:$G,$C5,RASTREABILIDADE!$H:$H,"Sim",RASTREABILIDADE!$C:$C,IF(RESUMO!$B$5="Todas","<>",RESUMO!$B$5),RASTREABILIDADE!$B:$B,IF(RESUMO!$B$6="Todas","<>",RESUMO!$B$6))>0,1,0)) | I5: =IF(OR($C5="",$D5<>"Sim"),"",IF(COUNTIFS(RASTREABILIDADE!$A:$A,"C1",RASTREABILIDADE!$G:$G,$C5,RASTREABILIDADE!$H:$H,"Sim",RASTREABILIDADE!$C:$C,IF(RESUMO!$B$5="Todas","<>",RESUMO!$B$5),RASTREABILIDADE!$B:$B,IF(RESUMO!$B$6="Todas","<>",RESUMO!$B$6))>0,1,0)) | J5: =IF(OR($C5="",$D5<>"Sim"),"",IF(COUNTIFS(RASTREABILIDADE!$A:$A,"C2",RASTREABILIDADE!$G:$G,$C5,RASTREABILIDADE!$H:$H,"Sim",RASTREABILIDADE!$C:$C,IF(RESUMO!$B$5="Todas","<>",RESUMO!$B$5),RASTREABILIDADE!$B:$B,IF(RESUMO!$B$6="Todas","<>",RESUMO!$B$6))>0,1,0))
A6: 6 | B6: =IF(GABARITO!$B6="","",IF(COUNTIF(GABARITO!$B$4:$B6,GABARITO!$B6)=1,GABARITO!$B6,"")) -> RN04 | C6: =IF(GABARITO!$G6="","",GABARITO!$G6) -> SC03 | D6: =IF(GABARITO!$J6="","",GABARITO!$J6) -> Não | E6: =IFERROR(__xludf.DUMMYFUNCTION("IF($B6="""","""",IF(SUMPRODUCT((RASTREABILIDADE!$A$2:$A$2000=""C0"")*(RASTREABILIDADE!$F$2:$F$2000=""Sim"")*REGEXMATCH(RASTREABILIDADE!$E$2:$E$2000,""(^|[^A-Za-z0-9])""&$B6&""($|[^A-Za-z0-9])"")*(((RESUMO!$B$5=""Todas"")+(RASTREABILIDADE!$C$2:$C$2000=RESU"&"MO!$B$5))>0)*(((RESUMO!$B$6=""Todas"")+(RASTREABILIDADE!$B$2:$B$2000=RESUMO!$B$6))>0))>0,1,0))"),1.0) -> 1 | F6: =IFERROR(__xludf.DUMMYFUNCTION("IF($B6="""","""",IF(SUMPRODUCT((RASTREABILIDADE!$A$2:$A$2000=""C1"")*(RASTREABILIDADE!$F$2:$F$2000=""Sim"")*REGEXMATCH(RASTREABILIDADE!$E$2:$E$2000,""(^|[^A-Za-z0-9])""&$B6&""($|[^A-Za-z0-9])"")*(((RESUMO!$B$5=""Todas"")+(RASTREABILIDADE!$C$2:$C$2000=RESU"&"MO!$B$5))>0)*(((RESUMO!$B$6=""Todas"")+(RASTREABILIDADE!$B$2:$B$2000=RESUMO!$B$6))>0))>0,1,0))"),1.0) -> 1 | G6: =IFERROR(__xludf.DUMMYFUNCTION("IF($B6="""","""",IF(SUMPRODUCT((RASTREABILIDADE!$A$2:$A$2000=""C2"")*(RASTREABILIDADE!$F$2:$F$2000=""Sim"")*REGEXMATCH(RASTREABILIDADE!$E$2:$E$2000,""(^|[^A-Za-z0-9])""&$B6&""($|[^A-Za-z0-9])"")*(((RESUMO!$B$5=""Todas"")+(RASTREABILIDADE!$C$2:$C$2000=RESU"&"MO!$B$5))>0)*(((RESUMO!$B$6=""Todas"")+(RASTREABILIDADE!$B$2:$B$2000=RESUMO!$B$6))>0))>0,1,0))"),1.0) -> 1 | H6: =IF(OR($C6="",$D6<>"Sim"),"",IF(COUNTIFS(RASTREABILIDADE!$A:$A,"C0",RASTREABILIDADE!$G:$G,$C6,RASTREABILIDADE!$H:$H,"Sim",RASTREABILIDADE!$C:$C,IF(RESUMO!$B$5="Todas","<>",RESUMO!$B$5),RASTREABILIDADE!$B:$B,IF(RESUMO!$B$6="Todas","<>",RESUMO!$B$6))>0,1,0)) | I6: =IF(OR($C6="",$D6<>"Sim"),"",IF(COUNTIFS(RASTREABILIDADE!$A:$A,"C1",RASTREABILIDADE!$G:$G,$C6,RASTREABILIDADE!$H:$H,"Sim",RASTREABILIDADE!$C:$C,IF(RESUMO!$B$5="Todas","<>",RESUMO!$B$5),RASTREABILIDADE!$B:$B,IF(RESUMO!$B$6="Todas","<>",RESUMO!$B$6))>0,1,0)) | J6: =IF(OR($C6="",$D6<>"Sim"),"",IF(COUNTIFS(RASTREABILIDADE!$A:$A,"C2",RASTREABILIDADE!$G:$G,$C6,RASTREABILIDADE!$H:$H,"Sim",RASTREABILIDADE!$C:$C,IF(RESUMO!$B$5="Todas","<>",RESUMO!$B$5),RASTREABILIDADE!$B:$B,IF(RESUMO!$B$6="Todas","<>",RESUMO!$B$6))>0,1,0))
A7: 7 | B7: =IF(GABARITO!$B7="","",IF(COUNTIF(GABARITO!$B$4:$B7,GABARITO!$B7)=1,GABARITO!$B7,"")) | C7: =IF(GABARITO!$G7="","",GABARITO!$G7) -> SC04 | D7: =IF(GABARITO!$J7="","",GABARITO!$J7) -> Não | E7: =IFERROR(__xludf.DUMMYFUNCTION("IF($B7="""","""",IF(SUMPRODUCT((RASTREABILIDADE!$A$2:$A$2000=""C0"")*(RASTREABILIDADE!$F$2:$F$2000=""Sim"")*REGEXMATCH(RASTREABILIDADE!$E$2:$E$2000,""(^|[^A-Za-z0-9])""&$B7&""($|[^A-Za-z0-9])"")*(((RESUMO!$B$5=""Todas"")+(RASTREABILIDADE!$C$2:$C$2000=RESU"&"MO!$B$5))>0)*(((RESUMO!$B$6=""Todas"")+(RASTREABILIDADE!$B$2:$B$2000=RESUMO!$B$6))>0))>0,1,0))"),"") | F7: =IFERROR(__xludf.DUMMYFUNCTION("IF($B7="""","""",IF(SUMPRODUCT((RASTREABILIDADE!$A$2:$A$2000=""C1"")*(RASTREABILIDADE!$F$2:$F$2000=""Sim"")*REGEXMATCH(RASTREABILIDADE!$E$2:$E$2000,""(^|[^A-Za-z0-9])""&$B7&""($|[^A-Za-z0-9])"")*(((RESUMO!$B$5=""Todas"")+(RASTREABILIDADE!$C$2:$C$2000=RESU"&"MO!$B$5))>0)*(((RESUMO!$B$6=""Todas"")+(RASTREABILIDADE!$B$2:$B$2000=RESUMO!$B$6))>0))>0,1,0))"),"") | G7: =IFERROR(__xludf.DUMMYFUNCTION("IF($B7="""","""",IF(SUMPRODUCT((RASTREABILIDADE!$A$2:$A$2000=""C2"")*(RASTREABILIDADE!$F$2:$F$2000=""Sim"")*REGEXMATCH(RASTREABILIDADE!$E$2:$E$2000,""(^|[^A-Za-z0-9])""&$B7&""($|[^A-Za-z0-9])"")*(((RESUMO!$B$5=""Todas"")+(RASTREABILIDADE!$C$2:$C$2000=RESU"&"MO!$B$5))>0)*(((RESUMO!$B$6=""Todas"")+(RASTREABILIDADE!$B$2:$B$2000=RESUMO!$B$6))>0))>0,1,0))"),"") | H7: =IF(OR($C7="",$D7<>"Sim"),"",IF(COUNTIFS(RASTREABILIDADE!$A:$A,"C0",RASTREABILIDADE!$G:$G,$C7,RASTREABILIDADE!$H:$H,"Sim",RASTREABILIDADE!$C:$C,IF(RESUMO!$B$5="Todas","<>",RESUMO!$B$5),RASTREABILIDADE!$B:$B,IF(RESUMO!$B$6="Todas","<>",RESUMO!$B$6))>0,1,0)) | I7: =IF(OR($C7="",$D7<>"Sim"),"",IF(COUNTIFS(RASTREABILIDADE!$A:$A,"C1",RASTREABILIDADE!$G:$G,$C7,RASTREABILIDADE!$H:$H,"Sim",RASTREABILIDADE!$C:$C,IF(RESUMO!$B$5="Todas","<>",RESUMO!$B$5),RASTREABILIDADE!$B:$B,IF(RESUMO!$B$6="Todas","<>",RESUMO!$B$6))>0,1,0)) | J7: =IF(OR($C7="",$D7<>"Sim"),"",IF(COUNTIFS(RASTREABILIDADE!$A:$A,"C2",RASTREABILIDADE!$G:$G,$C7,RASTREABILIDADE!$H:$H,"Sim",RASTREABILIDADE!$C:$C,IF(RESUMO!$B$5="Todas","<>",RESUMO!$B$5),RASTREABILIDADE!$B:$B,IF(RESUMO!$B$6="Todas","<>",RESUMO!$B$6))>0,1,0))
A8: 8 | B8: =IF(GABARITO!$B8="","",IF(COUNTIF(GABARITO!$B$4:$B8,GABARITO!$B8)=1,GABARITO!$B8,"")) -> RN05 | C8: =IF(GABARITO!$G8="","",GABARITO!$G8) -> SC05 | D8: =IF(GABARITO!$J8="","",GABARITO!$J8) -> Sim | E8: =IFERROR(__xludf.DUMMYFUNCTION("IF($B8="""","""",IF(SUMPRODUCT((RASTREABILIDADE!$A$2:$A$2000=""C0"")*(RASTREABILIDADE!$F$2:$F$2000=""Sim"")*REGEXMATCH(RASTREABILIDADE!$E$2:$E$2000,""(^|[^A-Za-z0-9])""&$B8&""($|[^A-Za-z0-9])"")*(((RESUMO!$B$5=""Todas"")+(RASTREABILIDADE!$C$2:$C$2000=RESU"&"MO!$B$5))>0)*(((RESUMO!$B$6=""Todas"")+(RASTREABILIDADE!$B$2:$B$2000=RESUMO!$B$6))>0))>0,1,0))"),0.0) -> 0 | F8: =IFERROR(__xludf.DUMMYFUNCTION("IF($B8="""","""",IF(SUMPRODUCT((RASTREABILIDADE!$A$2:$A$2000=""C1"")*(RASTREABILIDADE!$F$2:$F$2000=""Sim"")*REGEXMATCH(RASTREABILIDADE!$E$2:$E$2000,""(^|[^A-Za-z0-9])""&$B8&""($|[^A-Za-z0-9])"")*(((RESUMO!$B$5=""Todas"")+(RASTREABILIDADE!$C$2:$C$2000=RESU"&"MO!$B$5))>0)*(((RESUMO!$B$6=""Todas"")+(RASTREABILIDADE!$B$2:$B$2000=RESUMO!$B$6))>0))>0,1,0))"),1.0) -> 1 | G8: =IFERROR(__xludf.DUMMYFUNCTION("IF($B8="""","""",IF(SUMPRODUCT((RASTREABILIDADE!$A$2:$A$2000=""C2"")*(RASTREABILIDADE!$F$2:$F$2000=""Sim"")*REGEXMATCH(RASTREABILIDADE!$E$2:$E$2000,""(^|[^A-Za-z0-9])""&$B8&""($|[^A-Za-z0-9])"")*(((RESUMO!$B$5=""Todas"")+(RASTREABILIDADE!$C$2:$C$2000=RESU"&"MO!$B$5))>0)*(((RESUMO!$B$6=""Todas"")+(RASTREABILIDADE!$B$2:$B$2000=RESUMO!$B$6))>0))>0,1,0))"),1.0) -> 1 | H8: =IF(OR($C8="",$D8<>"Sim"),"",IF(COUNTIFS(RASTREABILIDADE!$A:$A,"C0",RASTREABILIDADE!$G:$G,$C8,RASTREABILIDADE!$H:$H,"Sim",RASTREABILIDADE!$C:$C,IF(RESUMO!$B$5="Todas","<>",RESUMO!$B$5),RASTREABILIDADE!$B:$B,IF(RESUMO!$B$6="Todas","<>",RESUMO!$B$6))>0,1,0)) -> 0 | I8: =IF(OR($C8="",$D8<>"Sim"),"",IF(COUNTIFS(RASTREABILIDADE!$A:$A,"C1",RASTREABILIDADE!$G:$G,$C8,RASTREABILIDADE!$H:$H,"Sim",RASTREABILIDADE!$C:$C,IF(RESUMO!$B$5="Todas","<>",RESUMO!$B$5),RASTREABILIDADE!$B:$B,IF(RESUMO!$B$6="Todas","<>",RESUMO!$B$6))>0,1,0)) -> 1 | J8: =IF(OR($C8="",$D8<>"Sim"),"",IF(COUNTIFS(RASTREABILIDADE!$A:$A,"C2",RASTREABILIDADE!$G:$G,$C8,RASTREABILIDADE!$H:$H,"Sim",RASTREABILIDADE!$C:$C,IF(RESUMO!$B$5="Todas","<>",RESUMO!$B$5),RASTREABILIDADE!$B:$B,IF(RESUMO!$B$6="Todas","<>",RESUMO!$B$6))>0,1,0)) -> 1
A9: 9 | B9: =IF(GABARITO!$B9="","",IF(COUNTIF(GABARITO!$B$4:$B9,GABARITO!$B9)=1,GABARITO!$B9,"")) -> RN06 | C9: =IF(GABARITO!$G9="","",GABARITO!$G9) -> SC06 | D9: =IF(GABARITO!$J9="","",GABARITO!$J9) -> Não | E9: =IFERROR(__xludf.DUMMYFUNCTION("IF($B9="""","""",IF(SUMPRODUCT((RASTREABILIDADE!$A$2:$A$2000=""C0"")*(RASTREABILIDADE!$F$2:$F$2000=""Sim"")*REGEXMATCH(RASTREABILIDADE!$E$2:$E$2000,""(^|[^A-Za-z0-9])""&$B9&""($|[^A-Za-z0-9])"")*(((RESUMO!$B$5=""Todas"")+(RASTREABILIDADE!$C$2:$C$2000=RESU"&"MO!$B$5))>0)*(((RESUMO!$B$6=""Todas"")+(RASTREABILIDADE!$B$2:$B$2000=RESUMO!$B$6))>0))>0,1,0))"),1.0) -> 1 | F9: =IFERROR(__xludf.DUMMYFUNCTION("IF($B9="""","""",IF(SUMPRODUCT((RASTREABILIDADE!$A$2:$A$2000=""C1"")*(RASTREABILIDADE!$F$2:$F$2000=""Sim"")*REGEXMATCH(RASTREABILIDADE!$E$2:$E$2000,""(^|[^A-Za-z0-9])""&$B9&""($|[^A-Za-z0-9])"")*(((RESUMO!$B$5=""Todas"")+(RASTREABILIDADE!$C$2:$C$2000=RESU"&"MO!$B$5))>0)*(((RESUMO!$B$6=""Todas"")+(RASTREABILIDADE!$B$2:$B$2000=RESUMO!$B$6))>0))>0,1,0))"),1.0) -> 1 | G9: =IFERROR(__xludf.DUMMYFUNCTION("IF($B9="""","""",IF(SUMPRODUCT((RASTREABILIDADE!$A$2:$A$2000=""C2"")*(RASTREABILIDADE!$F$2:$F$2000=""Sim"")*REGEXMATCH(RASTREABILIDADE!$E$2:$E$2000,""(^|[^A-Za-z0-9])""&$B9&""($|[^A-Za-z0-9])"")*(((RESUMO!$B$5=""Todas"")+(RASTREABILIDADE!$C$2:$C$2000=RESU"&"MO!$B$5))>0)*(((RESUMO!$B$6=""Todas"")+(RASTREABILIDADE!$B$2:$B$2000=RESUMO!$B$6))>0))>0,1,0))"),1.0) -> 1 | H9: =IF(OR($C9="",$D9<>"Sim"),"",IF(COUNTIFS(RASTREABILIDADE!$A:$A,"C0",RASTREABILIDADE!$G:$G,$C9,RASTREABILIDADE!$H:$H,"Sim",RASTREABILIDADE!$C:$C,IF(RESUMO!$B$5="Todas","<>",RESUMO!$B$5),RASTREABILIDADE!$B:$B,IF(RESUMO!$B$6="Todas","<>",RESUMO!$B$6))>0,1,0)) | I9: =IF(OR($C9="",$D9<>"Sim"),"",IF(COUNTIFS(RASTREABILIDADE!$A:$A,"C1",RASTREABILIDADE!$G:$G,$C9,RASTREABILIDADE!$H:$H,"Sim",RASTREABILIDADE!$C:$C,IF(RESUMO!$B$5="Todas","<>",RESUMO!$B$5),RASTREABILIDADE!$B:$B,IF(RESUMO!$B$6="Todas","<>",RESUMO!$B$6))>0,1,0)) | J9: =IF(OR($C9="",$D9<>"Sim"),"",IF(COUNTIFS(RASTREABILIDADE!$A:$A,"C2",RASTREABILIDADE!$G:$G,$C9,RASTREABILIDADE!$H:$H,"Sim",RASTREABILIDADE!$C:$C,IF(RESUMO!$B$5="Todas","<>",RESUMO!$B$5),RASTREABILIDADE!$B:$B,IF(RESUMO!$B$6="Todas","<>",RESUMO!$B$6))>0,1,0))
A10: 10 | B10: =IF(GABARITO!$B10="","",IF(COUNTIF(GABARITO!$B$4:$B10,GABARITO!$B10)=1,GABARITO!$B10,"")) -> RN07 | C10: =IF(GABARITO!$G10="","",GABARITO!$G10) -> SC06 | D10: =IF(GABARITO!$J10="","",GABARITO!$J10) -> Não | E10: =IFERROR(__xludf.DUMMYFUNCTION("IF($B10="""","""",IF(SUMPRODUCT((RASTREABILIDADE!$A$2:$A$2000=""C0"")*(RASTREABILIDADE!$F$2:$F$2000=""Sim"")*REGEXMATCH(RASTREABILIDADE!$E$2:$E$2000,""(^|[^A-Za-z0-9])""&$B10&""($|[^A-Za-z0-9])"")*(((RESUMO!$B$5=""Todas"")+(RASTREABILIDADE!$C$2:$C$2000=RE"&"SUMO!$B$5))>0)*(((RESUMO!$B$6=""Todas"")+(RASTREABILIDADE!$B$2:$B$2000=RESUMO!$B$6))>0))>0,1,0))"),1.0) -> 1 | F10: =IFERROR(__xludf.DUMMYFUNCTION("IF($B10="""","""",IF(SUMPRODUCT((RASTREABILIDADE!$A$2:$A$2000=""C1"")*(RASTREABILIDADE!$F$2:$F$2000=""Sim"")*REGEXMATCH(RASTREABILIDADE!$E$2:$E$2000,""(^|[^A-Za-z0-9])""&$B10&""($|[^A-Za-z0-9])"")*(((RESUMO!$B$5=""Todas"")+(RASTREABILIDADE!$C$2:$C$2000=RE"&"SUMO!$B$5))>0)*(((RESUMO!$B$6=""Todas"")+(RASTREABILIDADE!$B$2:$B$2000=RESUMO!$B$6))>0))>0,1,0))"),1.0) -> 1 | G10: =IFERROR(__xludf.DUMMYFUNCTION("IF($B10="""","""",IF(SUMPRODUCT((RASTREABILIDADE!$A$2:$A$2000=""C2"")*(RASTREABILIDADE!$F$2:$F$2000=""Sim"")*REGEXMATCH(RASTREABILIDADE!$E$2:$E$2000,""(^|[^A-Za-z0-9])""&$B10&""($|[^A-Za-z0-9])"")*(((RESUMO!$B$5=""Todas"")+(RASTREABILIDADE!$C$2:$C$2000=RE"&"SUMO!$B$5))>0)*(((RESUMO!$B$6=""Todas"")+(RASTREABILIDADE!$B$2:$B$2000=RESUMO!$B$6))>0))>0,1,0))"),1.0) -> 1 | H10: =IF(OR($C10="",$D10<>"Sim"),"",IF(COUNTIFS(RASTREABILIDADE!$A:$A,"C0",RASTREABILIDADE!$G:$G,$C10,RASTREABILIDADE!$H:$H,"Sim",RASTREABILIDADE!$C:$C,IF(RESUMO!$B$5="Todas","<>",RESUMO!$B$5),RASTREABILIDADE!$B:$B,IF(RESUMO!$B$6="Todas","<>",RESUMO!$B$6))>0,1,0)) | I10: =IF(OR($C10="",$D10<>"Sim"),"",IF(COUNTIFS(RASTREABILIDADE!$A:$A,"C1",RASTREABILIDADE!$G:$G,$C10,RASTREABILIDADE!$H:$H,"Sim",RASTREABILIDADE!$C:$C,IF(RESUMO!$B$5="Todas","<>",RESUMO!$B$5),RASTREABILIDADE!$B:$B,IF(RESUMO!$B$6="Todas","<>",RESUMO!$B$6))>0,1,0)) | J10: =IF(OR($C10="",$D10<>"Sim"),"",IF(COUNTIFS(RASTREABILIDADE!$A:$A,"C2",RASTREABILIDADE!$G:$G,$C10,RASTREABILIDADE!$H:$H,"Sim",RASTREABILIDADE!$C:$C,IF(RESUMO!$B$5="Todas","<>",RESUMO!$B$5),RASTREABILIDADE!$B:$B,IF(RESUMO!$B$6="Todas","<>",RESUMO!$B$6))>0,1,0))
A11: 11 | B11: =IF(GABARITO!$B12="","",IF(COUNTIF(GABARITO!$B$4:$B12,GABARITO!$B12)=1,GABARITO!$B12,"")) -> RN08 | C11: =IF(GABARITO!$G12="","",GABARITO!$G12) -> SC07 | D11: =IF(GABARITO!$J12="","",GABARITO!$J12) -> Não | E11: =IFERROR(__xludf.DUMMYFUNCTION("IF($B11="""","""",IF(SUMPRODUCT((RASTREABILIDADE!$A$2:$A$2000=""C0"")*(RASTREABILIDADE!$F$2:$F$2000=""Sim"")*REGEXMATCH(RASTREABILIDADE!$E$2:$E$2000,""(^|[^A-Za-z0-9])""&$B11&""($|[^A-Za-z0-9])"")*(((RESUMO!$B$5=""Todas"")+(RASTREABILIDADE!$C$2:$C$2000=RE"&"SUMO!$B$5))>0)*(((RESUMO!$B$6=""Todas"")+(RASTREABILIDADE!$B$2:$B$2000=RESUMO!$B$6))>0))>0,1,0))"),1.0) -> 1 | F11: =IFERROR(__xludf.DUMMYFUNCTION("IF($B11="""","""",IF(SUMPRODUCT((RASTREABILIDADE!$A$2:$A$2000=""C1"")*(RASTREABILIDADE!$F$2:$F$2000=""Sim"")*REGEXMATCH(RASTREABILIDADE!$E$2:$E$2000,""(^|[^A-Za-z0-9])""&$B11&""($|[^A-Za-z0-9])"")*(((RESUMO!$B$5=""Todas"")+(RASTREABILIDADE!$C$2:$C$2000=RE"&"SUMO!$B$5))>0)*(((RESUMO!$B$6=""Todas"")+(RASTREABILIDADE!$B$2:$B$2000=RESUMO!$B$6))>0))>0,1,0))"),1.0) -> 1 | G11: =IFERROR(__xludf.DUMMYFUNCTION("IF($B11="""","""",IF(SUMPRODUCT((RASTREABILIDADE!$A$2:$A$2000=""C2"")*(RASTREABILIDADE!$F$2:$F$2000=""Sim"")*REGEXMATCH(RASTREABILIDADE!$E$2:$E$2000,""(^|[^A-Za-z0-9])""&$B11&""($|[^A-Za-z0-9])"")*(((RESUMO!$B$5=""Todas"")+(RASTREABILIDADE!$C$2:$C$2000=RE"&"SUMO!$B$5))>0)*(((RESUMO!$B$6=""Todas"")+(RASTREABILIDADE!$B$2:$B$2000=RESUMO!$B$6))>0))>0,1,0))"),1.0) -> 1 | H11: =IF(OR($C11="",$D11<>"Sim"),"",IF(COUNTIFS(RASTREABILIDADE!$A:$A,"C0",RASTREABILIDADE!$G:$G,$C11,RASTREABILIDADE!$H:$H,"Sim",RASTREABILIDADE!$C:$C,IF(RESUMO!$B$5="Todas","<>",RESUMO!$B$5),RASTREABILIDADE!$B:$B,IF(RESUMO!$B$6="Todas","<>",RESUMO!$B$6))>0,1,0)) | I11: =IF(OR($C11="",$D11<>"Sim"),"",IF(COUNTIFS(RASTREABILIDADE!$A:$A,"C1",RASTREABILIDADE!$G:$G,$C11,RASTREABILIDADE!$H:$H,"Sim",RASTREABILIDADE!$C:$C,IF(RESUMO!$B$5="Todas","<>",RESUMO!$B$5),RASTREABILIDADE!$B:$B,IF(RESUMO!$B$6="Todas","<>",RESUMO!$B$6))>0,1,0)) | J11: =IF(OR($C11="",$D11<>"Sim"),"",IF(COUNTIFS(RASTREABILIDADE!$A:$A,"C2",RASTREABILIDADE!$G:$G,$C11,RASTREABILIDADE!$H:$H,"Sim",RASTREABILIDADE!$C:$C,IF(RESUMO!$B$5="Todas","<>",RESUMO!$B$5),RASTREABILIDADE!$B:$B,IF(RESUMO!$B$6="Todas","<>",RESUMO!$B$6))>0,1,0))
A12: 12 | B12: =IF(GABARITO!$B13="","",IF(COUNTIF(GABARITO!$B$4:$B13,GABARITO!$B13)=1,GABARITO!$B13,"")) -> RN09 | C12: =IF(GABARITO!$G13="","",GABARITO!$G13) -> SC08 | D12: =IF(GABARITO!$J13="","",GABARITO!$J13) -> Sim | E12: =IFERROR(__xludf.DUMMYFUNCTION("IF($B12="""","""",IF(SUMPRODUCT((RASTREABILIDADE!$A$2:$A$2000=""C0"")*(RASTREABILIDADE!$F$2:$F$2000=""Sim"")*REGEXMATCH(RASTREABILIDADE!$E$2:$E$2000,""(^|[^A-Za-z0-9])""&$B12&""($|[^A-Za-z0-9])"")*(((RESUMO!$B$5=""Todas"")+(RASTREABILIDADE!$C$2:$C$2000=RE"&"SUMO!$B$5))>0)*(((RESUMO!$B$6=""Todas"")+(RASTREABILIDADE!$B$2:$B$2000=RESUMO!$B$6))>0))>0,1,0))"),0.0) -> 0 | F12: =IFERROR(__xludf.DUMMYFUNCTION("IF($B12="""","""",IF(SUMPRODUCT((RASTREABILIDADE!$A$2:$A$2000=""C1"")*(RASTREABILIDADE!$F$2:$F$2000=""Sim"")*REGEXMATCH(RASTREABILIDADE!$E$2:$E$2000,""(^|[^A-Za-z0-9])""&$B12&""($|[^A-Za-z0-9])"")*(((RESUMO!$B$5=""Todas"")+(RASTREABILIDADE!$C$2:$C$2000=RE"&"SUMO!$B$5))>0)*(((RESUMO!$B$6=""Todas"")+(RASTREABILIDADE!$B$2:$B$2000=RESUMO!$B$6))>0))>0,1,0))"),1.0) -> 1 | G12: =IFERROR(__xludf.DUMMYFUNCTION("IF($B12="""","""",IF(SUMPRODUCT((RASTREABILIDADE!$A$2:$A$2000=""C2"")*(RASTREABILIDADE!$F$2:$F$2000=""Sim"")*REGEXMATCH(RASTREABILIDADE!$E$2:$E$2000,""(^|[^A-Za-z0-9])""&$B12&""($|[^A-Za-z0-9])"")*(((RESUMO!$B$5=""Todas"")+(RASTREABILIDADE!$C$2:$C$2000=RE"&"SUMO!$B$5))>0)*(((RESUMO!$B$6=""Todas"")+(RASTREABILIDADE!$B$2:$B$2000=RESUMO!$B$6))>0))>0,1,0))"),1.0) -> 1 | H12: =IF(OR($C12="",$D12<>"Sim"),"",IF(COUNTIFS(RASTREABILIDADE!$A:$A,"C0",RASTREABILIDADE!$G:$G,$C12,RASTREABILIDADE!$H:$H,"Sim",RASTREABILIDADE!$C:$C,IF(RESUMO!$B$5="Todas","<>",RESUMO!$B$5),RASTREABILIDADE!$B:$B,IF(RESUMO!$B$6="Todas","<>",RESUMO!$B$6))>0,1,0)) -> 0 | I12: =IF(OR($C12="",$D12<>"Sim"),"",IF(COUNTIFS(RASTREABILIDADE!$A:$A,"C1",RASTREABILIDADE!$G:$G,$C12,RASTREABILIDADE!$H:$H,"Sim",RASTREABILIDADE!$C:$C,IF(RESUMO!$B$5="Todas","<>",RESUMO!$B$5),RASTREABILIDADE!$B:$B,IF(RESUMO!$B$6="Todas","<>",RESUMO!$B$6))>0,1,0)) -> 1 | J12: =IF(OR($C12="",$D12<>"Sim"),"",IF(COUNTIFS(RASTREABILIDADE!$A:$A,"C2",RASTREABILIDADE!$G:$G,$C12,RASTREABILIDADE!$H:$H,"Sim",RASTREABILIDADE!$C:$C,IF(RESUMO!$B$5="Todas","<>",RESUMO!$B$5),RASTREABILIDADE!$B:$B,IF(RESUMO!$B$6="Todas","<>",RESUMO!$B$6))>0,1,0)) -> 1
A13: 13 | B13: =IF(GABARITO!$B14="","",IF(COUNTIF(GABARITO!$B$4:$B14,GABARITO!$B14)=1,GABARITO!$B14,"")) -> RN10 | C13: =IF(GABARITO!$G14="","",GABARITO!$G14) -> SC09 | D13: =IF(GABARITO!$J14="","",GABARITO!$J14) -> Não | E13: =IFERROR(__xludf.DUMMYFUNCTION("IF($B13="""","""",IF(SUMPRODUCT((RASTREABILIDADE!$A$2:$A$2000=""C0"")*(RASTREABILIDADE!$F$2:$F$2000=""Sim"")*REGEXMATCH(RASTREABILIDADE!$E$2:$E$2000,""(^|[^A-Za-z0-9])""&$B13&""($|[^A-Za-z0-9])"")*(((RESUMO!$B$5=""Todas"")+(RASTREABILIDADE!$C$2:$C$2000=RE"&"SUMO!$B$5))>0)*(((RESUMO!$B$6=""Todas"")+(RASTREABILIDADE!$B$2:$B$2000=RESUMO!$B$6))>0))>0,1,0))"),1.0) -> 1 | F13: =IFERROR(__xludf.DUMMYFUNCTION("IF($B13="""","""",IF(SUMPRODUCT((RASTREABILIDADE!$A$2:$A$2000=""C1"")*(RASTREABILIDADE!$F$2:$F$2000=""Sim"")*REGEXMATCH(RASTREABILIDADE!$E$2:$E$2000,""(^|[^A-Za-z0-9])""&$B13&""($|[^A-Za-z0-9])"")*(((RESUMO!$B$5=""Todas"")+(RASTREABILIDADE!$C$2:$C$2000=RE"&"SUMO!$B$5))>0)*(((RESUMO!$B$6=""Todas"")+(RASTREABILIDADE!$B$2:$B$2000=RESUMO!$B$6))>0))>0,1,0))"),1.0) -> 1 | G13: =IFERROR(__xludf.DUMMYFUNCTION("IF($B13="""","""",IF(SUMPRODUCT((RASTREABILIDADE!$A$2:$A$2000=""C2"")*(RASTREABILIDADE!$F$2:$F$2000=""Sim"")*REGEXMATCH(RASTREABILIDADE!$E$2:$E$2000,""(^|[^A-Za-z0-9])""&$B13&""($|[^A-Za-z0-9])"")*(((RESUMO!$B$5=""Todas"")+(RASTREABILIDADE!$C$2:$C$2000=RE"&"SUMO!$B$5))>0)*(((RESUMO!$B$6=""Todas"")+(RASTREABILIDADE!$B$2:$B$2000=RESUMO!$B$6))>0))>0,1,0))"),1.0) -> 1 | H13: =IF(OR($C13="",$D13<>"Sim"),"",IF(COUNTIFS(RASTREABILIDADE!$A:$A,"C0",RASTREABILIDADE!$G:$G,$C13,RASTREABILIDADE!$H:$H,"Sim",RASTREABILIDADE!$C:$C,IF(RESUMO!$B$5="Todas","<>",RESUMO!$B$5),RASTREABILIDADE!$B:$B,IF(RESUMO!$B$6="Todas","<>",RESUMO!$B$6))>0,1,0)) | I13: =IF(OR($C13="",$D13<>"Sim"),"",IF(COUNTIFS(RASTREABILIDADE!$A:$A,"C1",RASTREABILIDADE!$G:$G,$C13,RASTREABILIDADE!$H:$H,"Sim",RASTREABILIDADE!$C:$C,IF(RESUMO!$B$5="Todas","<>",RESUMO!$B$5),RASTREABILIDADE!$B:$B,IF(RESUMO!$B$6="Todas","<>",RESUMO!$B$6))>0,1,0)) | J13: =IF(OR($C13="",$D13<>"Sim"),"",IF(COUNTIFS(RASTREABILIDADE!$A:$A,"C2",RASTREABILIDADE!$G:$G,$C13,RASTREABILIDADE!$H:$H,"Sim",RASTREABILIDADE!$C:$C,IF(RESUMO!$B$5="Todas","<>",RESUMO!$B$5),RASTREABILIDADE!$B:$B,IF(RESUMO!$B$6="Todas","<>",RESUMO!$B$6))>0,1,0))
A14: 14 | B14: =IF(GABARITO!$B15="","",IF(COUNTIF(GABARITO!$B$4:$B15,GABARITO!$B15)=1,GABARITO!$B15,"")) -> RN11 | C14: =IF(GABARITO!$G15="","",GABARITO!$G15) -> SC10 | D14: =IF(GABARITO!$J15="","",GABARITO!$J15) -> Não | E14: =IFERROR(__xludf.DUMMYFUNCTION("IF($B14="""","""",IF(SUMPRODUCT((RASTREABILIDADE!$A$2:$A$2000=""C0"")*(RASTREABILIDADE!$F$2:$F$2000=""Sim"")*REGEXMATCH(RASTREABILIDADE!$E$2:$E$2000,""(^|[^A-Za-z0-9])""&$B14&""($|[^A-Za-z0-9])"")*(((RESUMO!$B$5=""Todas"")+(RASTREABILIDADE!$C$2:$C$2000=RE"&"SUMO!$B$5))>0)*(((RESUMO!$B$6=""Todas"")+(RASTREABILIDADE!$B$2:$B$2000=RESUMO!$B$6))>0))>0,1,0))"),1.0) -> 1 | F14: =IFERROR(__xludf.DUMMYFUNCTION("IF($B14="""","""",IF(SUMPRODUCT((RASTREABILIDADE!$A$2:$A$2000=""C1"")*(RASTREABILIDADE!$F$2:$F$2000=""Sim"")*REGEXMATCH(RASTREABILIDADE!$E$2:$E$2000,""(^|[^A-Za-z0-9])""&$B14&""($|[^A-Za-z0-9])"")*(((RESUMO!$B$5=""Todas"")+(RASTREABILIDADE!$C$2:$C$2000=RE"&"SUMO!$B$5))>0)*(((RESUMO!$B$6=""Todas"")+(RASTREABILIDADE!$B$2:$B$2000=RESUMO!$B$6))>0))>0,1,0))"),1.0) -> 1 | G14: =IFERROR(__xludf.DUMMYFUNCTION("IF($B14="""","""",IF(SUMPRODUCT((RASTREABILIDADE!$A$2:$A$2000=""C2"")*(RASTREABILIDADE!$F$2:$F$2000=""Sim"")*REGEXMATCH(RASTREABILIDADE!$E$2:$E$2000,""(^|[^A-Za-z0-9])""&$B14&""($|[^A-Za-z0-9])"")*(((RESUMO!$B$5=""Todas"")+(RASTREABILIDADE!$C$2:$C$2000=RE"&"SUMO!$B$5))>0)*(((RESUMO!$B$6=""Todas"")+(RASTREABILIDADE!$B$2:$B$2000=RESUMO!$B$6))>0))>0,1,0))"),1.0) -> 1 | H14: =IF(OR($C14="",$D14<>"Sim"),"",IF(COUNTIFS(RASTREABILIDADE!$A:$A,"C0",RASTREABILIDADE!$G:$G,$C14,RASTREABILIDADE!$H:$H,"Sim",RASTREABILIDADE!$C:$C,IF(RESUMO!$B$5="Todas","<>",RESUMO!$B$5),RASTREABILIDADE!$B:$B,IF(RESUMO!$B$6="Todas","<>",RESUMO!$B$6))>0,1,0)) | I14: =IF(OR($C14="",$D14<>"Sim"),"",IF(COUNTIFS(RASTREABILIDADE!$A:$A,"C1",RASTREABILIDADE!$G:$G,$C14,RASTREABILIDADE!$H:$H,"Sim",RASTREABILIDADE!$C:$C,IF(RESUMO!$B$5="Todas","<>",RESUMO!$B$5),RASTREABILIDADE!$B:$B,IF(RESUMO!$B$6="Todas","<>",RESUMO!$B$6))>0,1,0)) | J14: =IF(OR($C14="",$D14<>"Sim"),"",IF(COUNTIFS(RASTREABILIDADE!$A:$A,"C2",RASTREABILIDADE!$G:$G,$C14,RASTREABILIDADE!$H:$H,"Sim",RASTREABILIDADE!$C:$C,IF(RESUMO!$B$5="Todas","<>",RESUMO!$B$5),RASTREABILIDADE!$B:$B,IF(RESUMO!$B$6="Todas","<>",RESUMO!$B$6))>0,1,0))
A15: 15 | B15: =IF(GABARITO!$B16="","",IF(COUNTIF(GABARITO!$B$4:$B16,GABARITO!$B16)=1,GABARITO!$B16,"")) -> RN12 | C15: =IF(GABARITO!$G16="","",GABARITO!$G16) -> SC11 | D15: =IF(GABARITO!$J16="","",GABARITO!$J16) -> Sim | E15: =IFERROR(__xludf.DUMMYFUNCTION("IF($B15="""","""",IF(SUMPRODUCT((RASTREABILIDADE!$A$2:$A$2000=""C0"")*(RASTREABILIDADE!$F$2:$F$2000=""Sim"")*REGEXMATCH(RASTREABILIDADE!$E$2:$E$2000,""(^|[^A-Za-z0-9])""&$B15&""($|[^A-Za-z0-9])"")*(((RESUMO!$B$5=""Todas"")+(RASTREABILIDADE!$C$2:$C$2000=RE"&"SUMO!$B$5))>0)*(((RESUMO!$B$6=""Todas"")+(RASTREABILIDADE!$B$2:$B$2000=RESUMO!$B$6))>0))>0,1,0))"),1.0) -> 1 | F15: =IFERROR(__xludf.DUMMYFUNCTION("IF($B15="""","""",IF(SUMPRODUCT((RASTREABILIDADE!$A$2:$A$2000=""C1"")*(RASTREABILIDADE!$F$2:$F$2000=""Sim"")*REGEXMATCH(RASTREABILIDADE!$E$2:$E$2000,""(^|[^A-Za-z0-9])""&$B15&""($|[^A-Za-z0-9])"")*(((RESUMO!$B$5=""Todas"")+(RASTREABILIDADE!$C$2:$C$2000=RE"&"SUMO!$B$5))>0)*(((RESUMO!$B$6=""Todas"")+(RASTREABILIDADE!$B$2:$B$2000=RESUMO!$B$6))>0))>0,1,0))"),1.0) -> 1 | G15: =IFERROR(__xludf.DUMMYFUNCTION("IF($B15="""","""",IF(SUMPRODUCT((RASTREABILIDADE!$A$2:$A$2000=""C2"")*(RASTREABILIDADE!$F$2:$F$2000=""Sim"")*REGEXMATCH(RASTREABILIDADE!$E$2:$E$2000,""(^|[^A-Za-z0-9])""&$B15&""($|[^A-Za-z0-9])"")*(((RESUMO!$B$5=""Todas"")+(RASTREABILIDADE!$C$2:$C$2000=RE"&"SUMO!$B$5))>0)*(((RESUMO!$B$6=""Todas"")+(RASTREABILIDADE!$B$2:$B$2000=RESUMO!$B$6))>0))>0,1,0))"),1.0) -> 1 | H15: =IF(OR($C15="",$D15<>"Sim"),"",IF(COUNTIFS(RASTREABILIDADE!$A:$A,"C0",RASTREABILIDADE!$G:$G,$C15,RASTREABILIDADE!$H:$H,"Sim",RASTREABILIDADE!$C:$C,IF(RESUMO!$B$5="Todas","<>",RESUMO!$B$5),RASTREABILIDADE!$B:$B,IF(RESUMO!$B$6="Todas","<>",RESUMO!$B$6))>0,1,0)) -> 0 | I15: =IF(OR($C15="",$D15<>"Sim"),"",IF(COUNTIFS(RASTREABILIDADE!$A:$A,"C1",RASTREABILIDADE!$G:$G,$C15,RASTREABILIDADE!$H:$H,"Sim",RASTREABILIDADE!$C:$C,IF(RESUMO!$B$5="Todas","<>",RESUMO!$B$5),RASTREABILIDADE!$B:$B,IF(RESUMO!$B$6="Todas","<>",RESUMO!$B$6))>0,1,0)) -> 1 | J15: =IF(OR($C15="",$D15<>"Sim"),"",IF(COUNTIFS(RASTREABILIDADE!$A:$A,"C2",RASTREABILIDADE!$G:$G,$C15,RASTREABILIDADE!$H:$H,"Sim",RASTREABILIDADE!$C:$C,IF(RESUMO!$B$5="Todas","<>",RESUMO!$B$5),RASTREABILIDADE!$B:$B,IF(RESUMO!$B$6="Todas","<>",RESUMO!$B$6))>0,1,0)) -> 1
A16: 16 | B16: =IF(GABARITO!$B17="","",IF(COUNTIF(GABARITO!$B$4:$B17,GABARITO!$B17)=1,GABARITO!$B17,"")) -> RN13 | C16: =IF(GABARITO!$G17="","",GABARITO!$G17) -> SC12 | D16: =IF(GABARITO!$J17="","",GABARITO!$J17) -> Não | E16: =IFERROR(__xludf.DUMMYFUNCTION("IF($B16="""","""",IF(SUMPRODUCT((RASTREABILIDADE!$A$2:$A$2000=""C0"")*(RASTREABILIDADE!$F$2:$F$2000=""Sim"")*REGEXMATCH(RASTREABILIDADE!$E$2:$E$2000,""(^|[^A-Za-z0-9])""&$B16&""($|[^A-Za-z0-9])"")*(((RESUMO!$B$5=""Todas"")+(RASTREABILIDADE!$C$2:$C$2000=RE"&"SUMO!$B$5))>0)*(((RESUMO!$B$6=""Todas"")+(RASTREABILIDADE!$B$2:$B$2000=RESUMO!$B$6))>0))>0,1,0))"),0.0) -> 0 | F16: =IFERROR(__xludf.DUMMYFUNCTION("IF($B16="""","""",IF(SUMPRODUCT((RASTREABILIDADE!$A$2:$A$2000=""C1"")*(RASTREABILIDADE!$F$2:$F$2000=""Sim"")*REGEXMATCH(RASTREABILIDADE!$E$2:$E$2000,""(^|[^A-Za-z0-9])""&$B16&""($|[^A-Za-z0-9])"")*(((RESUMO!$B$5=""Todas"")+(RASTREABILIDADE!$C$2:$C$2000=RE"&"SUMO!$B$5))>0)*(((RESUMO!$B$6=""Todas"")+(RASTREABILIDADE!$B$2:$B$2000=RESUMO!$B$6))>0))>0,1,0))"),1.0) -> 1 | G16: =IFERROR(__xludf.DUMMYFUNCTION("IF($B16="""","""",IF(SUMPRODUCT((RASTREABILIDADE!$A$2:$A$2000=""C2"")*(RASTREABILIDADE!$F$2:$F$2000=""Sim"")*REGEXMATCH(RASTREABILIDADE!$E$2:$E$2000,""(^|[^A-Za-z0-9])""&$B16&""($|[^A-Za-z0-9])"")*(((RESUMO!$B$5=""Todas"")+(RASTREABILIDADE!$C$2:$C$2000=RE"&"SUMO!$B$5))>0)*(((RESUMO!$B$6=""Todas"")+(RASTREABILIDADE!$B$2:$B$2000=RESUMO!$B$6))>0))>0,1,0))"),1.0) -> 1 | H16: =IF(OR($C16="",$D16<>"Sim"),"",IF(COUNTIFS(RASTREABILIDADE!$A:$A,"C0",RASTREABILIDADE!$G:$G,$C16,RASTREABILIDADE!$H:$H,"Sim",RASTREABILIDADE!$C:$C,IF(RESUMO!$B$5="Todas","<>",RESUMO!$B$5),RASTREABILIDADE!$B:$B,IF(RESUMO!$B$6="Todas","<>",RESUMO!$B$6))>0,1,0)) | I16: =IF(OR($C16="",$D16<>"Sim"),"",IF(COUNTIFS(RASTREABILIDADE!$A:$A,"C1",RASTREABILIDADE!$G:$G,$C16,RASTREABILIDADE!$H:$H,"Sim",RASTREABILIDADE!$C:$C,IF(RESUMO!$B$5="Todas","<>",RESUMO!$B$5),RASTREABILIDADE!$B:$B,IF(RESUMO!$B$6="Todas","<>",RESUMO!$B$6))>0,1,0)) | J16: =IF(OR($C16="",$D16<>"Sim"),"",IF(COUNTIFS(RASTREABILIDADE!$A:$A,"C2",RASTREABILIDADE!$G:$G,$C16,RASTREABILIDADE!$H:$H,"Sim",RASTREABILIDADE!$C:$C,IF(RESUMO!$B$5="Todas","<>",RESUMO!$B$5),RASTREABILIDADE!$B:$B,IF(RESUMO!$B$6="Todas","<>",RESUMO!$B$6))>0,1,0))
A17: 17 | B17: =IF(GABARITO!$B18="","",IF(COUNTIF(GABARITO!$B$4:$B18,GABARITO!$B18)=1,GABARITO!$B18,"")) -> RN14 | C17: =IF(GABARITO!$G18="","",GABARITO!$G18) -> SC13 | D17: =IF(GABARITO!$J18="","",GABARITO!$J18) -> Não | E17: =IFERROR(__xludf.DUMMYFUNCTION("IF($B17="""","""",IF(SUMPRODUCT((RASTREABILIDADE!$A$2:$A$2000=""C0"")*(RASTREABILIDADE!$F$2:$F$2000=""Sim"")*REGEXMATCH(RASTREABILIDADE!$E$2:$E$2000,""(^|[^A-Za-z0-9])""&$B17&""($|[^A-Za-z0-9])"")*(((RESUMO!$B$5=""Todas"")+(RASTREABILIDADE!$C$2:$C$2000=RE"&"SUMO!$B$5))>0)*(((RESUMO!$B$6=""Todas"")+(RASTREABILIDADE!$B$2:$B$2000=RESUMO!$B$6))>0))>0,1,0))"),0.0) -> 0 | F17: =IFERROR(__xludf.DUMMYFUNCTION("IF($B17="""","""",IF(SUMPRODUCT((RASTREABILIDADE!$A$2:$A$2000=""C1"")*(RASTREABILIDADE!$F$2:$F$2000=""Sim"")*REGEXMATCH(RASTREABILIDADE!$E$2:$E$2000,""(^|[^A-Za-z0-9])""&$B17&""($|[^A-Za-z0-9])"")*(((RESUMO!$B$5=""Todas"")+(RASTREABILIDADE!$C$2:$C$2000=RE"&"SUMO!$B$5))>0)*(((RESUMO!$B$6=""Todas"")+(RASTREABILIDADE!$B$2:$B$2000=RESUMO!$B$6))>0))>0,1,0))"),1.0) -> 1 | G17: =IFERROR(__xludf.DUMMYFUNCTION("IF($B17="""","""",IF(SUMPRODUCT((RASTREABILIDADE!$A$2:$A$2000=""C2"")*(RASTREABILIDADE!$F$2:$F$2000=""Sim"")*REGEXMATCH(RASTREABILIDADE!$E$2:$E$2000,""(^|[^A-Za-z0-9])""&$B17&""($|[^A-Za-z0-9])"")*(((RESUMO!$B$5=""Todas"")+(RASTREABILIDADE!$C$2:$C$2000=RE"&"SUMO!$B$5))>0)*(((RESUMO!$B$6=""Todas"")+(RASTREABILIDADE!$B$2:$B$2000=RESUMO!$B$6))>0))>0,1,0))"),1.0) -> 1 | H17: =IF(OR($C17="",$D17<>"Sim"),"",IF(COUNTIFS(RASTREABILIDADE!$A:$A,"C0",RASTREABILIDADE!$G:$G,$C17,RASTREABILIDADE!$H:$H,"Sim",RASTREABILIDADE!$C:$C,IF(RESUMO!$B$5="Todas","<>",RESUMO!$B$5),RASTREABILIDADE!$B:$B,IF(RESUMO!$B$6="Todas","<>",RESUMO!$B$6))>0,1,0)) | I17: =IF(OR($C17="",$D17<>"Sim"),"",IF(COUNTIFS(RASTREABILIDADE!$A:$A,"C1",RASTREABILIDADE!$G:$G,$C17,RASTREABILIDADE!$H:$H,"Sim",RASTREABILIDADE!$C:$C,IF(RESUMO!$B$5="Todas","<>",RESUMO!$B$5),RASTREABILIDADE!$B:$B,IF(RESUMO!$B$6="Todas","<>",RESUMO!$B$6))>0,1,0)) | J17: =IF(OR($C17="",$D17<>"Sim"),"",IF(COUNTIFS(RASTREABILIDADE!$A:$A,"C2",RASTREABILIDADE!$G:$G,$C17,RASTREABILIDADE!$H:$H,"Sim",RASTREABILIDADE!$C:$C,IF(RESUMO!$B$5="Todas","<>",RESUMO!$B$5),RASTREABILIDADE!$B:$B,IF(RESUMO!$B$6="Todas","<>",RESUMO!$B$6))>0,1,0))
A18: 18 | B18: =IF(GABARITO!$B19="","",IF(COUNTIF(GABARITO!$B$4:$B19,GABARITO!$B19)=1,GABARITO!$B19,"")) | C18: =IF(GABARITO!$G19="","",GABARITO!$G19) | D18: =IF(GABARITO!$J19="","",GABARITO!$J19) | E18: =IFERROR(__xludf.DUMMYFUNCTION("IF($B18="""","""",IF(SUMPRODUCT((RASTREABILIDADE!$A$2:$A$2000=""C0"")*(RASTREABILIDADE!$F$2:$F$2000=""Sim"")*REGEXMATCH(RASTREABILIDADE!$E$2:$E$2000,""(^|[^A-Za-z0-9])""&$B18&""($|[^A-Za-z0-9])"")*(((RESUMO!$B$5=""Todas"")+(RASTREABILIDADE!$C$2:$C$2000=RE"&"SUMO!$B$5))>0)*(((RESUMO!$B$6=""Todas"")+(RASTREABILIDADE!$B$2:$B$2000=RESUMO!$B$6))>0))>0,1,0))"),"") | F18: =IFERROR(__xludf.DUMMYFUNCTION("IF($B18="""","""",IF(SUMPRODUCT((RASTREABILIDADE!$A$2:$A$2000=""C1"")*(RASTREABILIDADE!$F$2:$F$2000=""Sim"")*REGEXMATCH(RASTREABILIDADE!$E$2:$E$2000,""(^|[^A-Za-z0-9])""&$B18&""($|[^A-Za-z0-9])"")*(((RESUMO!$B$5=""Todas"")+(RASTREABILIDADE!$C$2:$C$2000=RE"&"SUMO!$B$5))>0)*(((RESUMO!$B$6=""Todas"")+(RASTREABILIDADE!$B$2:$B$2000=RESUMO!$B$6))>0))>0,1,0))"),"") | G18: =IFERROR(__xludf.DUMMYFUNCTION("IF($B18="""","""",IF(SUMPRODUCT((RASTREABILIDADE!$A$2:$A$2000=""C2"")*(RASTREABILIDADE!$F$2:$F$2000=""Sim"")*REGEXMATCH(RASTREABILIDADE!$E$2:$E$2000,""(^|[^A-Za-z0-9])""&$B18&""($|[^A-Za-z0-9])"")*(((RESUMO!$B$5=""Todas"")+(RASTREABILIDADE!$C$2:$C$2000=RE"&"SUMO!$B$5))>0)*(((RESUMO!$B$6=""Todas"")+(RASTREABILIDADE!$B$2:$B$2000=RESUMO!$B$6))>0))>0,1,0))"),"") | H18: =IF(OR($C18="",$D18<>"Sim"),"",IF(COUNTIFS(RASTREABILIDADE!$A:$A,"C0",RASTREABILIDADE!$G:$G,$C18,RASTREABILIDADE!$H:$H,"Sim",RASTREABILIDADE!$C:$C,IF(RESUMO!$B$5="Todas","<>",RESUMO!$B$5),RASTREABILIDADE!$B:$B,IF(RESUMO!$B$6="Todas","<>",RESUMO!$B$6))>0,1,0)) | I18: =IF(OR($C18="",$D18<>"Sim"),"",IF(COUNTIFS(RASTREABILIDADE!$A:$A,"C1",RASTREABILIDADE!$G:$G,$C18,RASTREABILIDADE!$H:$H,"Sim",RASTREABILIDADE!$C:$C,IF(RESUMO!$B$5="Todas","<>",RESUMO!$B$5),RASTREABILIDADE!$B:$B,IF(RESUMO!$B$6="Todas","<>",RESUMO!$B$6))>0,1,0)) | J18: =IF(OR($C18="",$D18<>"Sim"),"",IF(COUNTIFS(RASTREABILIDADE!$A:$A,"C2",RASTREABILIDADE!$G:$G,$C18,RASTREABILIDADE!$H:$H,"Sim",RASTREABILIDADE!$C:$C,IF(RESUMO!$B$5="Todas","<>",RESUMO!$B$5),RASTREABILIDADE!$B:$B,IF(RESUMO!$B$6="Todas","<>",RESUMO!$B$6))>0,1,0))
A19: 19 | B19: =IF(GABARITO!$B20="","",IF(COUNTIF(GABARITO!$B$4:$B20,GABARITO!$B20)=1,GABARITO!$B20,"")) -> RN15 | C19: =IF(GABARITO!$G20="","",GABARITO!$G20) -> SC14 | D19: =IF(GABARITO!$J20="","",GABARITO!$J20) -> Não | E19: =IFERROR(__xludf.DUMMYFUNCTION("IF($B19="""","""",IF(SUMPRODUCT((RASTREABILIDADE!$A$2:$A$2000=""C0"")*(RASTREABILIDADE!$F$2:$F$2000=""Sim"")*REGEXMATCH(RASTREABILIDADE!$E$2:$E$2000,""(^|[^A-Za-z0-9])""&$B19&""($|[^A-Za-z0-9])"")*(((RESUMO!$B$5=""Todas"")+(RASTREABILIDADE!$C$2:$C$2000=RE"&"SUMO!$B$5))>0)*(((RESUMO!$B$6=""Todas"")+(RASTREABILIDADE!$B$2:$B$2000=RESUMO!$B$6))>0))>0,1,0))"),0.0) -> 0 | F19: =IFERROR(__xludf.DUMMYFUNCTION("IF($B19="""","""",IF(SUMPRODUCT((RASTREABILIDADE!$A$2:$A$2000=""C1"")*(RASTREABILIDADE!$F$2:$F$2000=""Sim"")*REGEXMATCH(RASTREABILIDADE!$E$2:$E$2000,""(^|[^A-Za-z0-9])""&$B19&""($|[^A-Za-z0-9])"")*(((RESUMO!$B$5=""Todas"")+(RASTREABILIDADE!$C$2:$C$2000=RE"&"SUMO!$B$5))>0)*(((RESUMO!$B$6=""Todas"")+(RASTREABILIDADE!$B$2:$B$2000=RESUMO!$B$6))>0))>0,1,0))"),1.0) -> 1 | G19: =IFERROR(__xludf.DUMMYFUNCTION("IF($B19="""","""",IF(SUMPRODUCT((RASTREABILIDADE!$A$2:$A$2000=""C2"")*(RASTREABILIDADE!$F$2:$F$2000=""Sim"")*REGEXMATCH(RASTREABILIDADE!$E$2:$E$2000,""(^|[^A-Za-z0-9])""&$B19&""($|[^A-Za-z0-9])"")*(((RESUMO!$B$5=""Todas"")+(RASTREABILIDADE!$C$2:$C$2000=RE"&"SUMO!$B$5))>0)*(((RESUMO!$B$6=""Todas"")+(RASTREABILIDADE!$B$2:$B$2000=RESUMO!$B$6))>0))>0,1,0))"),1.0) -> 1 | H19: =IF(OR($C19="",$D19<>"Sim"),"",IF(COUNTIFS(RASTREABILIDADE!$A:$A,"C0",RASTREABILIDADE!$G:$G,$C19,RASTREABILIDADE!$H:$H,"Sim",RASTREABILIDADE!$C:$C,IF(RESUMO!$B$5="Todas","<>",RESUMO!$B$5),RASTREABILIDADE!$B:$B,IF(RESUMO!$B$6="Todas","<>",RESUMO!$B$6))>0,1,0)) | I19: =IF(OR($C19="",$D19<>"Sim"),"",IF(COUNTIFS(RASTREABILIDADE!$A:$A,"C1",RASTREABILIDADE!$G:$G,$C19,RASTREABILIDADE!$H:$H,"Sim",RASTREABILIDADE!$C:$C,IF(RESUMO!$B$5="Todas","<>",RESUMO!$B$5),RASTREABILIDADE!$B:$B,IF(RESUMO!$B$6="Todas","<>",RESUMO!$B$6))>0,1,0)) | J19: =IF(OR($C19="",$D19<>"Sim"),"",IF(COUNTIFS(RASTREABILIDADE!$A:$A,"C2",RASTREABILIDADE!$G:$G,$C19,RASTREABILIDADE!$H:$H,"Sim",RASTREABILIDADE!$C:$C,IF(RESUMO!$B$5="Todas","<>",RESUMO!$B$5),RASTREABILIDADE!$B:$B,IF(RESUMO!$B$6="Todas","<>",RESUMO!$B$6))>0,1,0))
A20: 20 | B20: =IF(GABARITO!$B21="","",IF(COUNTIF(GABARITO!$B$4:$B21,GABARITO!$B21)=1,GABARITO!$B21,"")) -> RN16 | C20: =IF(GABARITO!$G21="","",GABARITO!$G21) -> SC15 | D20: =IF(GABARITO!$J21="","",GABARITO!$J21) -> Não | E20: =IFERROR(__xludf.DUMMYFUNCTION("IF($B20="""","""",IF(SUMPRODUCT((RASTREABILIDADE!$A$2:$A$2000=""C0"")*(RASTREABILIDADE!$F$2:$F$2000=""Sim"")*REGEXMATCH(RASTREABILIDADE!$E$2:$E$2000,""(^|[^A-Za-z0-9])""&$B20&""($|[^A-Za-z0-9])"")*(((RESUMO!$B$5=""Todas"")+(RASTREABILIDADE!$C$2:$C$2000=RE"&"SUMO!$B$5))>0)*(((RESUMO!$B$6=""Todas"")+(RASTREABILIDADE!$B$2:$B$2000=RESUMO!$B$6))>0))>0,1,0))"),0.0) -> 0 | F20: =IFERROR(__xludf.DUMMYFUNCTION("IF($B20="""","""",IF(SUMPRODUCT((RASTREABILIDADE!$A$2:$A$2000=""C1"")*(RASTREABILIDADE!$F$2:$F$2000=""Sim"")*REGEXMATCH(RASTREABILIDADE!$E$2:$E$2000,""(^|[^A-Za-z0-9])""&$B20&""($|[^A-Za-z0-9])"")*(((RESUMO!$B$5=""Todas"")+(RASTREABILIDADE!$C$2:$C$2000=RE"&"SUMO!$B$5))>0)*(((RESUMO!$B$6=""Todas"")+(RASTREABILIDADE!$B$2:$B$2000=RESUMO!$B$6))>0))>0,1,0))"),1.0) -> 1 | G20: =IFERROR(__xludf.DUMMYFUNCTION("IF($B20="""","""",IF(SUMPRODUCT((RASTREABILIDADE!$A$2:$A$2000=""C2"")*(RASTREABILIDADE!$F$2:$F$2000=""Sim"")*REGEXMATCH(RASTREABILIDADE!$E$2:$E$2000,""(^|[^A-Za-z0-9])""&$B20&""($|[^A-Za-z0-9])"")*(((RESUMO!$B$5=""Todas"")+(RASTREABILIDADE!$C$2:$C$2000=RE"&"SUMO!$B$5))>0)*(((RESUMO!$B$6=""Todas"")+(RASTREABILIDADE!$B$2:$B$2000=RESUMO!$B$6))>0))>0,1,0))"),1.0) -> 1 | H20: =IF(OR($C20="",$D20<>"Sim"),"",IF(COUNTIFS(RASTREABILIDADE!$A:$A,"C0",RASTREABILIDADE!$G:$G,$C20,RASTREABILIDADE!$H:$H,"Sim",RASTREABILIDADE!$C:$C,IF(RESUMO!$B$5="Todas","<>",RESUMO!$B$5),RASTREABILIDADE!$B:$B,IF(RESUMO!$B$6="Todas","<>",RESUMO!$B$6))>0,1,0)) | I20: =IF(OR($C20="",$D20<>"Sim"),"",IF(COUNTIFS(RASTREABILIDADE!$A:$A,"C1",RASTREABILIDADE!$G:$G,$C20,RASTREABILIDADE!$H:$H,"Sim",RASTREABILIDADE!$C:$C,IF(RESUMO!$B$5="Todas","<>",RESUMO!$B$5),RASTREABILIDADE!$B:$B,IF(RESUMO!$B$6="Todas","<>",RESUMO!$B$6))>0,1,0)) | J20: =IF(OR($C20="",$D20<>"Sim"),"",IF(COUNTIFS(RASTREABILIDADE!$A:$A,"C2",RASTREABILIDADE!$G:$G,$C20,RASTREABILIDADE!$H:$H,"Sim",RASTREABILIDADE!$C:$C,IF(RESUMO!$B$5="Todas","<>",RESUMO!$B$5),RASTREABILIDADE!$B:$B,IF(RESUMO!$B$6="Todas","<>",RESUMO!$B$6))>0,1,0))
A21: 21 | B21: =IF(GABARITO!$B22="","",IF(COUNTIF(GABARITO!$B$4:$B22,GABARITO!$B22)=1,GABARITO!$B22,"")) -> RN17 | C21: =IF(GABARITO!$G22="","",GABARITO!$G22) -> SC16 | D21: =IF(GABARITO!$J22="","",GABARITO!$J22) -> Não | E21: =IFERROR(__xludf.DUMMYFUNCTION("IF($B21="""","""",IF(SUMPRODUCT((RASTREABILIDADE!$A$2:$A$2000=""C0"")*(RASTREABILIDADE!$F$2:$F$2000=""Sim"")*REGEXMATCH(RASTREABILIDADE!$E$2:$E$2000,""(^|[^A-Za-z0-9])""&$B21&""($|[^A-Za-z0-9])"")*(((RESUMO!$B$5=""Todas"")+(RASTREABILIDADE!$C$2:$C$2000=RE"&"SUMO!$B$5))>0)*(((RESUMO!$B$6=""Todas"")+(RASTREABILIDADE!$B$2:$B$2000=RESUMO!$B$6))>0))>0,1,0))"),0.0) -> 0 | F21: =IFERROR(__xludf.DUMMYFUNCTION("IF($B21="""","""",IF(SUMPRODUCT((RASTREABILIDADE!$A$2:$A$2000=""C1"")*(RASTREABILIDADE!$F$2:$F$2000=""Sim"")*REGEXMATCH(RASTREABILIDADE!$E$2:$E$2000,""(^|[^A-Za-z0-9])""&$B21&""($|[^A-Za-z0-9])"")*(((RESUMO!$B$5=""Todas"")+(RASTREABILIDADE!$C$2:$C$2000=RE"&"SUMO!$B$5))>0)*(((RESUMO!$B$6=""Todas"")+(RASTREABILIDADE!$B$2:$B$2000=RESUMO!$B$6))>0))>0,1,0))"),1.0) -> 1 | G21: =IFERROR(__xludf.DUMMYFUNCTION("IF($B21="""","""",IF(SUMPRODUCT((RASTREABILIDADE!$A$2:$A$2000=""C2"")*(RASTREABILIDADE!$F$2:$F$2000=""Sim"")*REGEXMATCH(RASTREABILIDADE!$E$2:$E$2000,""(^|[^A-Za-z0-9])""&$B21&""($|[^A-Za-z0-9])"")*(((RESUMO!$B$5=""Todas"")+(RASTREABILIDADE!$C$2:$C$2000=RE"&"SUMO!$B$5))>0)*(((RESUMO!$B$6=""Todas"")+(RASTREABILIDADE!$B$2:$B$2000=RESUMO!$B$6))>0))>0,1,0))"),1.0) -> 1 | H21: =IF(OR($C21="",$D21<>"Sim"),"",IF(COUNTIFS(RASTREABILIDADE!$A:$A,"C0",RASTREABILIDADE!$G:$G,$C21,RASTREABILIDADE!$H:$H,"Sim",RASTREABILIDADE!$C:$C,IF(RESUMO!$B$5="Todas","<>",RESUMO!$B$5),RASTREABILIDADE!$B:$B,IF(RESUMO!$B$6="Todas","<>",RESUMO!$B$6))>0,1,0)) | I21: =IF(OR($C21="",$D21<>"Sim"),"",IF(COUNTIFS(RASTREABILIDADE!$A:$A,"C1",RASTREABILIDADE!$G:$G,$C21,RASTREABILIDADE!$H:$H,"Sim",RASTREABILIDADE!$C:$C,IF(RESUMO!$B$5="Todas","<>",RESUMO!$B$5),RASTREABILIDADE!$B:$B,IF(RESUMO!$B$6="Todas","<>",RESUMO!$B$6))>0,1,0)) | J21: =IF(OR($C21="",$D21<>"Sim"),"",IF(COUNTIFS(RASTREABILIDADE!$A:$A,"C2",RASTREABILIDADE!$G:$G,$C21,RASTREABILIDADE!$H:$H,"Sim",RASTREABILIDADE!$C:$C,IF(RESUMO!$B$5="Todas","<>",RESUMO!$B$5),RASTREABILIDADE!$B:$B,IF(RESUMO!$B$6="Todas","<>",RESUMO!$B$6))>0,1,0))
A22: 22 | B22: =IF(GABARITO!$B23="","",IF(COUNTIF(GABARITO!$B$4:$B23,GABARITO!$B23)=1,GABARITO!$B23,"")) -> RN18 | C22: =IF(GABARITO!$G23="","",GABARITO!$G23) -> SC17 | D22: =IF(GABARITO!$J23="","",GABARITO!$J23) -> Não | E22: =IFERROR(__xludf.DUMMYFUNCTION("IF($B22="""","""",IF(SUMPRODUCT((RASTREABILIDADE!$A$2:$A$2000=""C0"")*(RASTREABILIDADE!$F$2:$F$2000=""Sim"")*REGEXMATCH(RASTREABILIDADE!$E$2:$E$2000,""(^|[^A-Za-z0-9])""&$B22&""($|[^A-Za-z0-9])"")*(((RESUMO!$B$5=""Todas"")+(RASTREABILIDADE!$C$2:$C$2000=RE"&"SUMO!$B$5))>0)*(((RESUMO!$B$6=""Todas"")+(RASTREABILIDADE!$B$2:$B$2000=RESUMO!$B$6))>0))>0,1,0))"),0.0) -> 0 | F22: =IFERROR(__xludf.DUMMYFUNCTION("IF($B22="""","""",IF(SUMPRODUCT((RASTREABILIDADE!$A$2:$A$2000=""C1"")*(RASTREABILIDADE!$F$2:$F$2000=""Sim"")*REGEXMATCH(RASTREABILIDADE!$E$2:$E$2000,""(^|[^A-Za-z0-9])""&$B22&""($|[^A-Za-z0-9])"")*(((RESUMO!$B$5=""Todas"")+(RASTREABILIDADE!$C$2:$C$2000=RE"&"SUMO!$B$5))>0)*(((RESUMO!$B$6=""Todas"")+(RASTREABILIDADE!$B$2:$B$2000=RESUMO!$B$6))>0))>0,1,0))"),1.0) -> 1 | G22: =IFERROR(__xludf.DUMMYFUNCTION("IF($B22="""","""",IF(SUMPRODUCT((RASTREABILIDADE!$A$2:$A$2000=""C2"")*(RASTREABILIDADE!$F$2:$F$2000=""Sim"")*REGEXMATCH(RASTREABILIDADE!$E$2:$E$2000,""(^|[^A-Za-z0-9])""&$B22&""($|[^A-Za-z0-9])"")*(((RESUMO!$B$5=""Todas"")+(RASTREABILIDADE!$C$2:$C$2000=RE"&"SUMO!$B$5))>0)*(((RESUMO!$B$6=""Todas"")+(RASTREABILIDADE!$B$2:$B$2000=RESUMO!$B$6))>0))>0,1,0))"),1.0) -> 1 | H22: =IF(OR($C22="",$D22<>"Sim"),"",IF(COUNTIFS(RASTREABILIDADE!$A:$A,"C0",RASTREABILIDADE!$G:$G,$C22,RASTREABILIDADE!$H:$H,"Sim",RASTREABILIDADE!$C:$C,IF(RESUMO!$B$5="Todas","<>",RESUMO!$B$5),RASTREABILIDADE!$B:$B,IF(RESUMO!$B$6="Todas","<>",RESUMO!$B$6))>0,1,0)) | I22: =IF(OR($C22="",$D22<>"Sim"),"",IF(COUNTIFS(RASTREABILIDADE!$A:$A,"C1",RASTREABILIDADE!$G:$G,$C22,RASTREABILIDADE!$H:$H,"Sim",RASTREABILIDADE!$C:$C,IF(RESUMO!$B$5="Todas","<>",RESUMO!$B$5),RASTREABILIDADE!$B:$B,IF(RESUMO!$B$6="Todas","<>",RESUMO!$B$6))>0,1,0)) | J22: =IF(OR($C22="",$D22<>"Sim"),"",IF(COUNTIFS(RASTREABILIDADE!$A:$A,"C2",RASTREABILIDADE!$G:$G,$C22,RASTREABILIDADE!$H:$H,"Sim",RASTREABILIDADE!$C:$C,IF(RESUMO!$B$5="Todas","<>",RESUMO!$B$5),RASTREABILIDADE!$B:$B,IF(RESUMO!$B$6="Todas","<>",RESUMO!$B$6))>0,1,0))
A23: 23 | B23: =IF(GABARITO!$B24="","",IF(COUNTIF(GABARITO!$B$4:$B24,GABARITO!$B24)=1,GABARITO!$B24,"")) -> RN19 | C23: =IF(GABARITO!$G24="","",GABARITO!$G24) -> SC18 | D23: =IF(GABARITO!$J24="","",GABARITO!$J24) -> Não | E23: =IFERROR(__xludf.DUMMYFUNCTION("IF($B23="""","""",IF(SUMPRODUCT((RASTREABILIDADE!$A$2:$A$2000=""C0"")*(RASTREABILIDADE!$F$2:$F$2000=""Sim"")*REGEXMATCH(RASTREABILIDADE!$E$2:$E$2000,""(^|[^A-Za-z0-9])""&$B23&""($|[^A-Za-z0-9])"")*(((RESUMO!$B$5=""Todas"")+(RASTREABILIDADE!$C$2:$C$2000=RE"&"SUMO!$B$5))>0)*(((RESUMO!$B$6=""Todas"")+(RASTREABILIDADE!$B$2:$B$2000=RESUMO!$B$6))>0))>0,1,0))"),1.0) -> 1 | F23: =IFERROR(__xludf.DUMMYFUNCTION("IF($B23="""","""",IF(SUMPRODUCT((RASTREABILIDADE!$A$2:$A$2000=""C1"")*(RASTREABILIDADE!$F$2:$F$2000=""Sim"")*REGEXMATCH(RASTREABILIDADE!$E$2:$E$2000,""(^|[^A-Za-z0-9])""&$B23&""($|[^A-Za-z0-9])"")*(((RESUMO!$B$5=""Todas"")+(RASTREABILIDADE!$C$2:$C$2000=RE"&"SUMO!$B$5))>0)*(((RESUMO!$B$6=""Todas"")+(RASTREABILIDADE!$B$2:$B$2000=RESUMO!$B$6))>0))>0,1,0))"),1.0) -> 1 | G23: =IFERROR(__xludf.DUMMYFUNCTION("IF($B23="""","""",IF(SUMPRODUCT((RASTREABILIDADE!$A$2:$A$2000=""C2"")*(RASTREABILIDADE!$F$2:$F$2000=""Sim"")*REGEXMATCH(RASTREABILIDADE!$E$2:$E$2000,""(^|[^A-Za-z0-9])""&$B23&""($|[^A-Za-z0-9])"")*(((RESUMO!$B$5=""Todas"")+(RASTREABILIDADE!$C$2:$C$2000=RE"&"SUMO!$B$5))>0)*(((RESUMO!$B$6=""Todas"")+(RASTREABILIDADE!$B$2:$B$2000=RESUMO!$B$6))>0))>0,1,0))"),1.0) -> 1 | H23: =IF(OR($C23="",$D23<>"Sim"),"",IF(COUNTIFS(RASTREABILIDADE!$A:$A,"C0",RASTREABILIDADE!$G:$G,$C23,RASTREABILIDADE!$H:$H,"Sim",RASTREABILIDADE!$C:$C,IF(RESUMO!$B$5="Todas","<>",RESUMO!$B$5),RASTREABILIDADE!$B:$B,IF(RESUMO!$B$6="Todas","<>",RESUMO!$B$6))>0,1,0)) | I23: =IF(OR($C23="",$D23<>"Sim"),"",IF(COUNTIFS(RASTREABILIDADE!$A:$A,"C1",RASTREABILIDADE!$G:$G,$C23,RASTREABILIDADE!$H:$H,"Sim",RASTREABILIDADE!$C:$C,IF(RESUMO!$B$5="Todas","<>",RESUMO!$B$5),RASTREABILIDADE!$B:$B,IF(RESUMO!$B$6="Todas","<>",RESUMO!$B$6))>0,1,0)) | J23: =IF(OR($C23="",$D23<>"Sim"),"",IF(COUNTIFS(RASTREABILIDADE!$A:$A,"C2",RASTREABILIDADE!$G:$G,$C23,RASTREABILIDADE!$H:$H,"Sim",RASTREABILIDADE!$C:$C,IF(RESUMO!$B$5="Todas","<>",RESUMO!$B$5),RASTREABILIDADE!$B:$B,IF(RESUMO!$B$6="Todas","<>",RESUMO!$B$6))>0,1,0))
A24: 24 | B24: =IF(GABARITO!$B25="","",IF(COUNTIF(GABARITO!$B$4:$B25,GABARITO!$B25)=1,GABARITO!$B25,"")) -> RN20 | C24: =IF(GABARITO!$G25="","",GABARITO!$G25) -> SC17 | D24: =IF(GABARITO!$J25="","",GABARITO!$J25) -> Não | E24: =IFERROR(__xludf.DUMMYFUNCTION("IF($B24="""","""",IF(SUMPRODUCT((RASTREABILIDADE!$A$2:$A$2000=""C0"")*(RASTREABILIDADE!$F$2:$F$2000=""Sim"")*REGEXMATCH(RASTREABILIDADE!$E$2:$E$2000,""(^|[^A-Za-z0-9])""&$B24&""($|[^A-Za-z0-9])"")*(((RESUMO!$B$5=""Todas"")+(RASTREABILIDADE!$C$2:$C$2000=RE"&"SUMO!$B$5))>0)*(((RESUMO!$B$6=""Todas"")+(RASTREABILIDADE!$B$2:$B$2000=RESUMO!$B$6))>0))>0,1,0))"),0.0) -> 0 | F24: =IFERROR(__xludf.DUMMYFUNCTION("IF($B24="""","""",IF(SUMPRODUCT((RASTREABILIDADE!$A$2:$A$2000=""C1"")*(RASTREABILIDADE!$F$2:$F$2000=""Sim"")*REGEXMATCH(RASTREABILIDADE!$E$2:$E$2000,""(^|[^A-Za-z0-9])""&$B24&""($|[^A-Za-z0-9])"")*(((RESUMO!$B$5=""Todas"")+(RASTREABILIDADE!$C$2:$C$2000=RE"&"SUMO!$B$5))>0)*(((RESUMO!$B$6=""Todas"")+(RASTREABILIDADE!$B$2:$B$2000=RESUMO!$B$6))>0))>0,1,0))"),1.0) -> 1 | G24: =IFERROR(__xludf.DUMMYFUNCTION("IF($B24="""","""",IF(SUMPRODUCT((RASTREABILIDADE!$A$2:$A$2000=""C2"")*(RASTREABILIDADE!$F$2:$F$2000=""Sim"")*REGEXMATCH(RASTREABILIDADE!$E$2:$E$2000,""(^|[^A-Za-z0-9])""&$B24&""($|[^A-Za-z0-9])"")*(((RESUMO!$B$5=""Todas"")+(RASTREABILIDADE!$C$2:$C$2000=RE"&"SUMO!$B$5))>0)*(((RESUMO!$B$6=""Todas"")+(RASTREABILIDADE!$B$2:$B$2000=RESUMO!$B$6))>0))>0,1,0))"),1.0) -> 1 | H24: =IF(OR($C24="",$D24<>"Sim"),"",IF(COUNTIFS(RASTREABILIDADE!$A:$A,"C0",RASTREABILIDADE!$G:$G,$C24,RASTREABILIDADE!$H:$H,"Sim",RASTREABILIDADE!$C:$C,IF(RESUMO!$B$5="Todas","<>",RESUMO!$B$5),RASTREABILIDADE!$B:$B,IF(RESUMO!$B$6="Todas","<>",RESUMO!$B$6))>0,1,0)) | I24: =IF(OR($C24="",$D24<>"Sim"),"",IF(COUNTIFS(RASTREABILIDADE!$A:$A,"C1",RASTREABILIDADE!$G:$G,$C24,RASTREABILIDADE!$H:$H,"Sim",RASTREABILIDADE!$C:$C,IF(RESUMO!$B$5="Todas","<>",RESUMO!$B$5),RASTREABILIDADE!$B:$B,IF(RESUMO!$B$6="Todas","<>",RESUMO!$B$6))>0,1,0)) | J24: =IF(OR($C24="",$D24<>"Sim"),"",IF(COUNTIFS(RASTREABILIDADE!$A:$A,"C2",RASTREABILIDADE!$G:$G,$C24,RASTREABILIDADE!$H:$H,"Sim",RASTREABILIDADE!$C:$C,IF(RESUMO!$B$5="Todas","<>",RESUMO!$B$5),RASTREABILIDADE!$B:$B,IF(RESUMO!$B$6="Todas","<>",RESUMO!$B$6))>0,1,0))
A25: 25 | B25: =IF(GABARITO!$B26="","",IF(COUNTIF(GABARITO!$B$4:$B26,GABARITO!$B26)=1,GABARITO!$B26,"")) -> RN21 | C25: =IF(GABARITO!$G26="","",GABARITO!$G26) -> SC19 | D25: =IF(GABARITO!$J26="","",GABARITO!$J26) -> Não | E25: =IFERROR(__xludf.DUMMYFUNCTION("IF($B25="""","""",IF(SUMPRODUCT((RASTREABILIDADE!$A$2:$A$2000=""C0"")*(RASTREABILIDADE!$F$2:$F$2000=""Sim"")*REGEXMATCH(RASTREABILIDADE!$E$2:$E$2000,""(^|[^A-Za-z0-9])""&$B25&""($|[^A-Za-z0-9])"")*(((RESUMO!$B$5=""Todas"")+(RASTREABILIDADE!$C$2:$C$2000=RE"&"SUMO!$B$5))>0)*(((RESUMO!$B$6=""Todas"")+(RASTREABILIDADE!$B$2:$B$2000=RESUMO!$B$6))>0))>0,1,0))"),1.0) -> 1 | F25: =IFERROR(__xludf.DUMMYFUNCTION("IF($B25="""","""",IF(SUMPRODUCT((RASTREABILIDADE!$A$2:$A$2000=""C1"")*(RASTREABILIDADE!$F$2:$F$2000=""Sim"")*REGEXMATCH(RASTREABILIDADE!$E$2:$E$2000,""(^|[^A-Za-z0-9])""&$B25&""($|[^A-Za-z0-9])"")*(((RESUMO!$B$5=""Todas"")+(RASTREABILIDADE!$C$2:$C$2000=RE"&"SUMO!$B$5))>0)*(((RESUMO!$B$6=""Todas"")+(RASTREABILIDADE!$B$2:$B$2000=RESUMO!$B$6))>0))>0,1,0))"),1.0) -> 1 | G25: =IFERROR(__xludf.DUMMYFUNCTION("IF($B25="""","""",IF(SUMPRODUCT((RASTREABILIDADE!$A$2:$A$2000=""C2"")*(RASTREABILIDADE!$F$2:$F$2000=""Sim"")*REGEXMATCH(RASTREABILIDADE!$E$2:$E$2000,""(^|[^A-Za-z0-9])""&$B25&""($|[^A-Za-z0-9])"")*(((RESUMO!$B$5=""Todas"")+(RASTREABILIDADE!$C$2:$C$2000=RE"&"SUMO!$B$5))>0)*(((RESUMO!$B$6=""Todas"")+(RASTREABILIDADE!$B$2:$B$2000=RESUMO!$B$6))>0))>0,1,0))"),1.0) -> 1 | H25: =IF(OR($C25="",$D25<>"Sim"),"",IF(COUNTIFS(RASTREABILIDADE!$A:$A,"C0",RASTREABILIDADE!$G:$G,$C25,RASTREABILIDADE!$H:$H,"Sim",RASTREABILIDADE!$C:$C,IF(RESUMO!$B$5="Todas","<>",RESUMO!$B$5),RASTREABILIDADE!$B:$B,IF(RESUMO!$B$6="Todas","<>",RESUMO!$B$6))>0,1,0)) | I25: =IF(OR($C25="",$D25<>"Sim"),"",IF(COUNTIFS(RASTREABILIDADE!$A:$A,"C1",RASTREABILIDADE!$G:$G,$C25,RASTREABILIDADE!$H:$H,"Sim",RASTREABILIDADE!$C:$C,IF(RESUMO!$B$5="Todas","<>",RESUMO!$B$5),RASTREABILIDADE!$B:$B,IF(RESUMO!$B$6="Todas","<>",RESUMO!$B$6))>0,1,0)) | J25: =IF(OR($C25="",$D25<>"Sim"),"",IF(COUNTIFS(RASTREABILIDADE!$A:$A,"C2",RASTREABILIDADE!$G:$G,$C25,RASTREABILIDADE!$H:$H,"Sim",RASTREABILIDADE!$C:$C,IF(RESUMO!$B$5="Todas","<>",RESUMO!$B$5),RASTREABILIDADE!$B:$B,IF(RESUMO!$B$6="Todas","<>",RESUMO!$B$6))>0,1,0))
A26: 26 | B26: =IF(GABARITO!$B27="","",IF(COUNTIF(GABARITO!$B$4:$B27,GABARITO!$B27)=1,GABARITO!$B27,"")) -> RN22 | C26: =IF(GABARITO!$G27="","",GABARITO!$G27) -> SC19 | D26: =IF(GABARITO!$J27="","",GABARITO!$J27) -> Não | E26: =IFERROR(__xludf.DUMMYFUNCTION("IF($B26="""","""",IF(SUMPRODUCT((RASTREABILIDADE!$A$2:$A$2000=""C0"")*(RASTREABILIDADE!$F$2:$F$2000=""Sim"")*REGEXMATCH(RASTREABILIDADE!$E$2:$E$2000,""(^|[^A-Za-z0-9])""&$B26&""($|[^A-Za-z0-9])"")*(((RESUMO!$B$5=""Todas"")+(RASTREABILIDADE!$C$2:$C$2000=RE"&"SUMO!$B$5))>0)*(((RESUMO!$B$6=""Todas"")+(RASTREABILIDADE!$B$2:$B$2000=RESUMO!$B$6))>0))>0,1,0))"),1.0) -> 1 | F26: =IFERROR(__xludf.DUMMYFUNCTION("IF($B26="""","""",IF(SUMPRODUCT((RASTREABILIDADE!$A$2:$A$2000=""C1"")*(RASTREABILIDADE!$F$2:$F$2000=""Sim"")*REGEXMATCH(RASTREABILIDADE!$E$2:$E$2000,""(^|[^A-Za-z0-9])""&$B26&""($|[^A-Za-z0-9])"")*(((RESUMO!$B$5=""Todas"")+(RASTREABILIDADE!$C$2:$C$2000=RE"&"SUMO!$B$5))>0)*(((RESUMO!$B$6=""Todas"")+(RASTREABILIDADE!$B$2:$B$2000=RESUMO!$B$6))>0))>0,1,0))"),1.0) -> 1 | G26: =IFERROR(__xludf.DUMMYFUNCTION("IF($B26="""","""",IF(SUMPRODUCT((RASTREABILIDADE!$A$2:$A$2000=""C2"")*(RASTREABILIDADE!$F$2:$F$2000=""Sim"")*REGEXMATCH(RASTREABILIDADE!$E$2:$E$2000,""(^|[^A-Za-z0-9])""&$B26&""($|[^A-Za-z0-9])"")*(((RESUMO!$B$5=""Todas"")+(RASTREABILIDADE!$C$2:$C$2000=RE"&"SUMO!$B$5))>0)*(((RESUMO!$B$6=""Todas"")+(RASTREABILIDADE!$B$2:$B$2000=RESUMO!$B$6))>0))>0,1,0))"),1.0) -> 1 | H26: =IF(OR($C26="",$D26<>"Sim"),"",IF(COUNTIFS(RASTREABILIDADE!$A:$A,"C0",RASTREABILIDADE!$G:$G,$C26,RASTREABILIDADE!$H:$H,"Sim",RASTREABILIDADE!$C:$C,IF(RESUMO!$B$5="Todas","<>",RESUMO!$B$5),RASTREABILIDADE!$B:$B,IF(RESUMO!$B$6="Todas","<>",RESUMO!$B$6))>0,1,0)) | I26: =IF(OR($C26="",$D26<>"Sim"),"",IF(COUNTIFS(RASTREABILIDADE!$A:$A,"C1",RASTREABILIDADE!$G:$G,$C26,RASTREABILIDADE!$H:$H,"Sim",RASTREABILIDADE!$C:$C,IF(RESUMO!$B$5="Todas","<>",RESUMO!$B$5),RASTREABILIDADE!$B:$B,IF(RESUMO!$B$6="Todas","<>",RESUMO!$B$6))>0,1,0)) | J26: =IF(OR($C26="",$D26<>"Sim"),"",IF(COUNTIFS(RASTREABILIDADE!$A:$A,"C2",RASTREABILIDADE!$G:$G,$C26,RASTREABILIDADE!$H:$H,"Sim",RASTREABILIDADE!$C:$C,IF(RESUMO!$B$5="Todas","<>",RESUMO!$B$5),RASTREABILIDADE!$B:$B,IF(RESUMO!$B$6="Todas","<>",RESUMO!$B$6))>0,1,0))
A27: 27 | B27: =IF(GABARITO!$B28="","",IF(COUNTIF(GABARITO!$B$4:$B28,GABARITO!$B28)=1,GABARITO!$B28,"")) -> RN23 | C27: =IF(GABARITO!$G28="","",GABARITO!$G28) -> SC20 | D27: =IF(GABARITO!$J28="","",GABARITO!$J28) -> Não | E27: =IFERROR(__xludf.DUMMYFUNCTION("IF($B27="""","""",IF(SUMPRODUCT((RASTREABILIDADE!$A$2:$A$2000=""C0"")*(RASTREABILIDADE!$F$2:$F$2000=""Sim"")*REGEXMATCH(RASTREABILIDADE!$E$2:$E$2000,""(^|[^A-Za-z0-9])""&$B27&""($|[^A-Za-z0-9])"")*(((RESUMO!$B$5=""Todas"")+(RASTREABILIDADE!$C$2:$C$2000=RE"&"SUMO!$B$5))>0)*(((RESUMO!$B$6=""Todas"")+(RASTREABILIDADE!$B$2:$B$2000=RESUMO!$B$6))>0))>0,1,0))"),0.0) -> 0 | F27: =IFERROR(__xludf.DUMMYFUNCTION("IF($B27="""","""",IF(SUMPRODUCT((RASTREABILIDADE!$A$2:$A$2000=""C1"")*(RASTREABILIDADE!$F$2:$F$2000=""Sim"")*REGEXMATCH(RASTREABILIDADE!$E$2:$E$2000,""(^|[^A-Za-z0-9])""&$B27&""($|[^A-Za-z0-9])"")*(((RESUMO!$B$5=""Todas"")+(RASTREABILIDADE!$C$2:$C$2000=RE"&"SUMO!$B$5))>0)*(((RESUMO!$B$6=""Todas"")+(RASTREABILIDADE!$B$2:$B$2000=RESUMO!$B$6))>0))>0,1,0))"),1.0) -> 1 | G27: =IFERROR(__xludf.DUMMYFUNCTION("IF($B27="""","""",IF(SUMPRODUCT((RASTREABILIDADE!$A$2:$A$2000=""C2"")*(RASTREABILIDADE!$F$2:$F$2000=""Sim"")*REGEXMATCH(RASTREABILIDADE!$E$2:$E$2000,""(^|[^A-Za-z0-9])""&$B27&""($|[^A-Za-z0-9])"")*(((RESUMO!$B$5=""Todas"")+(RASTREABILIDADE!$C$2:$C$2000=RE"&"SUMO!$B$5))>0)*(((RESUMO!$B$6=""Todas"")+(RASTREABILIDADE!$B$2:$B$2000=RESUMO!$B$6))>0))>0,1,0))"),1.0) -> 1 | H27: =IF(OR($C27="",$D27<>"Sim"),"",IF(COUNTIFS(RASTREABILIDADE!$A:$A,"C0",RASTREABILIDADE!$G:$G,$C27,RASTREABILIDADE!$H:$H,"Sim",RASTREABILIDADE!$C:$C,IF(RESUMO!$B$5="Todas","<>",RESUMO!$B$5),RASTREABILIDADE!$B:$B,IF(RESUMO!$B$6="Todas","<>",RESUMO!$B$6))>0,1,0)) | I27: =IF(OR($C27="",$D27<>"Sim"),"",IF(COUNTIFS(RASTREABILIDADE!$A:$A,"C1",RASTREABILIDADE!$G:$G,$C27,RASTREABILIDADE!$H:$H,"Sim",RASTREABILIDADE!$C:$C,IF(RESUMO!$B$5="Todas","<>",RESUMO!$B$5),RASTREABILIDADE!$B:$B,IF(RESUMO!$B$6="Todas","<>",RESUMO!$B$6))>0,1,0)) | J27: =IF(OR($C27="",$D27<>"Sim"),"",IF(COUNTIFS(RASTREABILIDADE!$A:$A,"C2",RASTREABILIDADE!$G:$G,$C27,RASTREABILIDADE!$H:$H,"Sim",RASTREABILIDADE!$C:$C,IF(RESUMO!$B$5="Todas","<>",RESUMO!$B$5),RASTREABILIDADE!$B:$B,IF(RESUMO!$B$6="Todas","<>",RESUMO!$B$6))>0,1,0))
A28: 28 | B28: =IF(GABARITO!$B29="","",IF(COUNTIF(GABARITO!$B$4:$B29,GABARITO!$B29)=1,GABARITO!$B29,"")) -> RN24 | C28: =IF(GABARITO!$G29="","",GABARITO!$G29) -> SC21 | D28: =IF(GABARITO!$J29="","",GABARITO!$J29) -> Não | E28: =IFERROR(__xludf.DUMMYFUNCTION("IF($B28="""","""",IF(SUMPRODUCT((RASTREABILIDADE!$A$2:$A$2000=""C0"")*(RASTREABILIDADE!$F$2:$F$2000=""Sim"")*REGEXMATCH(RASTREABILIDADE!$E$2:$E$2000,""(^|[^A-Za-z0-9])""&$B28&""($|[^A-Za-z0-9])"")*(((RESUMO!$B$5=""Todas"")+(RASTREABILIDADE!$C$2:$C$2000=RE"&"SUMO!$B$5))>0)*(((RESUMO!$B$6=""Todas"")+(RASTREABILIDADE!$B$2:$B$2000=RESUMO!$B$6))>0))>0,1,0))"),0.0) -> 0 | F28: =IFERROR(__xludf.DUMMYFUNCTION("IF($B28="""","""",IF(SUMPRODUCT((RASTREABILIDADE!$A$2:$A$2000=""C1"")*(RASTREABILIDADE!$F$2:$F$2000=""Sim"")*REGEXMATCH(RASTREABILIDADE!$E$2:$E$2000,""(^|[^A-Za-z0-9])""&$B28&""($|[^A-Za-z0-9])"")*(((RESUMO!$B$5=""Todas"")+(RASTREABILIDADE!$C$2:$C$2000=RE"&"SUMO!$B$5))>0)*(((RESUMO!$B$6=""Todas"")+(RASTREABILIDADE!$B$2:$B$2000=RESUMO!$B$6))>0))>0,1,0))"),1.0) -> 1 | G28: =IFERROR(__xludf.DUMMYFUNCTION("IF($B28="""","""",IF(SUMPRODUCT((RASTREABILIDADE!$A$2:$A$2000=""C2"")*(RASTREABILIDADE!$F$2:$F$2000=""Sim"")*REGEXMATCH(RASTREABILIDADE!$E$2:$E$2000,""(^|[^A-Za-z0-9])""&$B28&""($|[^A-Za-z0-9])"")*(((RESUMO!$B$5=""Todas"")+(RASTREABILIDADE!$C$2:$C$2000=RE"&"SUMO!$B$5))>0)*(((RESUMO!$B$6=""Todas"")+(RASTREABILIDADE!$B$2:$B$2000=RESUMO!$B$6))>0))>0,1,0))"),1.0) -> 1 | H28: =IF(OR($C28="",$D28<>"Sim"),"",IF(COUNTIFS(RASTREABILIDADE!$A:$A,"C0",RASTREABILIDADE!$G:$G,$C28,RASTREABILIDADE!$H:$H,"Sim",RASTREABILIDADE!$C:$C,IF(RESUMO!$B$5="Todas","<>",RESUMO!$B$5),RASTREABILIDADE!$B:$B,IF(RESUMO!$B$6="Todas","<>",RESUMO!$B$6))>0,1,0)) | I28: =IF(OR($C28="",$D28<>"Sim"),"",IF(COUNTIFS(RASTREABILIDADE!$A:$A,"C1",RASTREABILIDADE!$G:$G,$C28,RASTREABILIDADE!$H:$H,"Sim",RASTREABILIDADE!$C:$C,IF(RESUMO!$B$5="Todas","<>",RESUMO!$B$5),RASTREABILIDADE!$B:$B,IF(RESUMO!$B$6="Todas","<>",RESUMO!$B$6))>0,1,0)) | J28: =IF(OR($C28="",$D28<>"Sim"),"",IF(COUNTIFS(RASTREABILIDADE!$A:$A,"C2",RASTREABILIDADE!$G:$G,$C28,RASTREABILIDADE!$H:$H,"Sim",RASTREABILIDADE!$C:$C,IF(RESUMO!$B$5="Todas","<>",RESUMO!$B$5),RASTREABILIDADE!$B:$B,IF(RESUMO!$B$6="Todas","<>",RESUMO!$B$6))>0,1,0))
A29: 29 | B29: =IF(GABARITO!$B30="","",IF(COUNTIF(GABARITO!$B$4:$B30,GABARITO!$B30)=1,GABARITO!$B30,"")) | C29: =IF(GABARITO!$G30="","",GABARITO!$G30) | D29: =IF(GABARITO!$J30="","",GABARITO!$J30) | E29: =IFERROR(__xludf.DUMMYFUNCTION("IF($B29="""","""",IF(SUMPRODUCT((RASTREABILIDADE!$A$2:$A$2000=""C0"")*(RASTREABILIDADE!$F$2:$F$2000=""Sim"")*REGEXMATCH(RASTREABILIDADE!$E$2:$E$2000,""(^|[^A-Za-z0-9])""&$B29&""($|[^A-Za-z0-9])"")*(((RESUMO!$B$5=""Todas"")+(RASTREABILIDADE!$C$2:$C$2000=RE"&"SUMO!$B$5))>0)*(((RESUMO!$B$6=""Todas"")+(RASTREABILIDADE!$B$2:$B$2000=RESUMO!$B$6))>0))>0,1,0))"),"") | F29: =IFERROR(__xludf.DUMMYFUNCTION("IF($B29="""","""",IF(SUMPRODUCT((RASTREABILIDADE!$A$2:$A$2000=""C1"")*(RASTREABILIDADE!$F$2:$F$2000=""Sim"")*REGEXMATCH(RASTREABILIDADE!$E$2:$E$2000,""(^|[^A-Za-z0-9])""&$B29&""($|[^A-Za-z0-9])"")*(((RESUMO!$B$5=""Todas"")+(RASTREABILIDADE!$C$2:$C$2000=RE"&"SUMO!$B$5))>0)*(((RESUMO!$B$6=""Todas"")+(RASTREABILIDADE!$B$2:$B$2000=RESUMO!$B$6))>0))>0,1,0))"),"") | G29: =IFERROR(__xludf.DUMMYFUNCTION("IF($B29="""","""",IF(SUMPRODUCT((RASTREABILIDADE!$A$2:$A$2000=""C2"")*(RASTREABILIDADE!$F$2:$F$2000=""Sim"")*REGEXMATCH(RASTREABILIDADE!$E$2:$E$2000,""(^|[^A-Za-z0-9])""&$B29&""($|[^A-Za-z0-9])"")*(((RESUMO!$B$5=""Todas"")+(RASTREABILIDADE!$C$2:$C$2000=RE"&"SUMO!$B$5))>0)*(((RESUMO!$B$6=""Todas"")+(RASTREABILIDADE!$B$2:$B$2000=RESUMO!$B$6))>0))>0,1,0))"),"") | H29: =IF(OR($C29="",$D29<>"Sim"),"",IF(COUNTIFS(RASTREABILIDADE!$A:$A,"C0",RASTREABILIDADE!$G:$G,$C29,RASTREABILIDADE!$H:$H,"Sim",RASTREABILIDADE!$C:$C,IF(RESUMO!$B$5="Todas","<>",RESUMO!$B$5),RASTREABILIDADE!$B:$B,IF(RESUMO!$B$6="Todas","<>",RESUMO!$B$6))>0,1,0)) | I29: =IF(OR($C29="",$D29<>"Sim"),"",IF(COUNTIFS(RASTREABILIDADE!$A:$A,"C1",RASTREABILIDADE!$G:$G,$C29,RASTREABILIDADE!$H:$H,"Sim",RASTREABILIDADE!$C:$C,IF(RESUMO!$B$5="Todas","<>",RESUMO!$B$5),RASTREABILIDADE!$B:$B,IF(RESUMO!$B$6="Todas","<>",RESUMO!$B$6))>0,1,0)) | J29: =IF(OR($C29="",$D29<>"Sim"),"",IF(COUNTIFS(RASTREABILIDADE!$A:$A,"C2",RASTREABILIDADE!$G:$G,$C29,RASTREABILIDADE!$H:$H,"Sim",RASTREABILIDADE!$C:$C,IF(RESUMO!$B$5="Todas","<>",RESUMO!$B$5),RASTREABILIDADE!$B:$B,IF(RESUMO!$B$6="Todas","<>",RESUMO!$B$6))>0,1,0))
A30: 30 | B30: =IF(GABARITO!$B31="","",IF(COUNTIF(GABARITO!$B$4:$B31,GABARITO!$B31)=1,GABARITO!$B31,"")) | C30: =IF(GABARITO!$G31="","",GABARITO!$G31) | D30: =IF(GABARITO!$J31="","",GABARITO!$J31) | E30: =IFERROR(__xludf.DUMMYFUNCTION("IF($B30="""","""",IF(SUMPRODUCT((RASTREABILIDADE!$A$2:$A$2000=""C0"")*(RASTREABILIDADE!$F$2:$F$2000=""Sim"")*REGEXMATCH(RASTREABILIDADE!$E$2:$E$2000,""(^|[^A-Za-z0-9])""&$B30&""($|[^A-Za-z0-9])"")*(((RESUMO!$B$5=""Todas"")+(RASTREABILIDADE!$C$2:$C$2000=RE"&"SUMO!$B$5))>0)*(((RESUMO!$B$6=""Todas"")+(RASTREABILIDADE!$B$2:$B$2000=RESUMO!$B$6))>0))>0,1,0))"),"") | F30: =IFERROR(__xludf.DUMMYFUNCTION("IF($B30="""","""",IF(SUMPRODUCT((RASTREABILIDADE!$A$2:$A$2000=""C1"")*(RASTREABILIDADE!$F$2:$F$2000=""Sim"")*REGEXMATCH(RASTREABILIDADE!$E$2:$E$2000,""(^|[^A-Za-z0-9])""&$B30&""($|[^A-Za-z0-9])"")*(((RESUMO!$B$5=""Todas"")+(RASTREABILIDADE!$C$2:$C$2000=RE"&"SUMO!$B$5))>0)*(((RESUMO!$B$6=""Todas"")+(RASTREABILIDADE!$B$2:$B$2000=RESUMO!$B$6))>0))>0,1,0))"),"") | G30: =IFERROR(__xludf.DUMMYFUNCTION("IF($B30="""","""",IF(SUMPRODUCT((RASTREABILIDADE!$A$2:$A$2000=""C2"")*(RASTREABILIDADE!$F$2:$F$2000=""Sim"")*REGEXMATCH(RASTREABILIDADE!$E$2:$E$2000,""(^|[^A-Za-z0-9])""&$B30&""($|[^A-Za-z0-9])"")*(((RESUMO!$B$5=""Todas"")+(RASTREABILIDADE!$C$2:$C$2000=RE"&"SUMO!$B$5))>0)*(((RESUMO!$B$6=""Todas"")+(RASTREABILIDADE!$B$2:$B$2000=RESUMO!$B$6))>0))>0,1,0))"),"") | H30: =IF(OR($C30="",$D30<>"Sim"),"",IF(COUNTIFS(RASTREABILIDADE!$A:$A,"C0",RASTREABILIDADE!$G:$G,$C30,RASTREABILIDADE!$H:$H,"Sim",RASTREABILIDADE!$C:$C,IF(RESUMO!$B$5="Todas","<>",RESUMO!$B$5),RASTREABILIDADE!$B:$B,IF(RESUMO!$B$6="Todas","<>",RESUMO!$B$6))>0,1,0)) | I30: =IF(OR($C30="",$D30<>"Sim"),"",IF(COUNTIFS(RASTREABILIDADE!$A:$A,"C1",RASTREABILIDADE!$G:$G,$C30,RASTREABILIDADE!$H:$H,"Sim",RASTREABILIDADE!$C:$C,IF(RESUMO!$B$5="Todas","<>",RESUMO!$B$5),RASTREABILIDADE!$B:$B,IF(RESUMO!$B$6="Todas","<>",RESUMO!$B$6))>0,1,0)) | J30: =IF(OR($C30="",$D30<>"Sim"),"",IF(COUNTIFS(RASTREABILIDADE!$A:$A,"C2",RASTREABILIDADE!$G:$G,$C30,RASTREABILIDADE!$H:$H,"Sim",RASTREABILIDADE!$C:$C,IF(RESUMO!$B$5="Todas","<>",RESUMO!$B$5),RASTREABILIDADE!$B:$B,IF(RESUMO!$B$6="Todas","<>",RESUMO!$B$6))>0,1,0))
A31: 31 | B31: =IF(GABARITO!$B32="","",IF(COUNTIF(GABARITO!$B$4:$B32,GABARITO!$B32)=1,GABARITO!$B32,"")) | C31: =IF(GABARITO!$G32="","",GABARITO!$G32) | D31: =IF(GABARITO!$J32="","",GABARITO!$J32) | E31: =IFERROR(__xludf.DUMMYFUNCTION("IF($B31="""","""",IF(SUMPRODUCT((RASTREABILIDADE!$A$2:$A$2000=""C0"")*(RASTREABILIDADE!$F$2:$F$2000=""Sim"")*REGEXMATCH(RASTREABILIDADE!$E$2:$E$2000,""(^|[^A-Za-z0-9])""&$B31&""($|[^A-Za-z0-9])"")*(((RESUMO!$B$5=""Todas"")+(RASTREABILIDADE!$C$2:$C$2000=RE"&"SUMO!$B$5))>0)*(((RESUMO!$B$6=""Todas"")+(RASTREABILIDADE!$B$2:$B$2000=RESUMO!$B$6))>0))>0,1,0))"),"") | F31: =IFERROR(__xludf.DUMMYFUNCTION("IF($B31="""","""",IF(SUMPRODUCT((RASTREABILIDADE!$A$2:$A$2000=""C1"")*(RASTREABILIDADE!$F$2:$F$2000=""Sim"")*REGEXMATCH(RASTREABILIDADE!$E$2:$E$2000,""(^|[^A-Za-z0-9])""&$B31&""($|[^A-Za-z0-9])"")*(((RESUMO!$B$5=""Todas"")+(RASTREABILIDADE!$C$2:$C$2000=RE"&"SUMO!$B$5))>0)*(((RESUMO!$B$6=""Todas"")+(RASTREABILIDADE!$B$2:$B$2000=RESUMO!$B$6))>0))>0,1,0))"),"") | G31: =IFERROR(__xludf.DUMMYFUNCTION("IF($B31="""","""",IF(SUMPRODUCT((RASTREABILIDADE!$A$2:$A$2000=""C2"")*(RASTREABILIDADE!$F$2:$F$2000=""Sim"")*REGEXMATCH(RASTREABILIDADE!$E$2:$E$2000,""(^|[^A-Za-z0-9])""&$B31&""($|[^A-Za-z0-9])"")*(((RESUMO!$B$5=""Todas"")+(RASTREABILIDADE!$C$2:$C$2000=RE"&"SUMO!$B$5))>0)*(((RESUMO!$B$6=""Todas"")+(RASTREABILIDADE!$B$2:$B$2000=RESUMO!$B$6))>0))>0,1,0))"),"") | H31: =IF(OR($C31="",$D31<>"Sim"),"",IF(COUNTIFS(RASTREABILIDADE!$A:$A,"C0",RASTREABILIDADE!$G:$G,$C31,RASTREABILIDADE!$H:$H,"Sim",RASTREABILIDADE!$C:$C,IF(RESUMO!$B$5="Todas","<>",RESUMO!$B$5),RASTREABILIDADE!$B:$B,IF(RESUMO!$B$6="Todas","<>",RESUMO!$B$6))>0,1,0)) | I31: =IF(OR($C31="",$D31<>"Sim"),"",IF(COUNTIFS(RASTREABILIDADE!$A:$A,"C1",RASTREABILIDADE!$G:$G,$C31,RASTREABILIDADE!$H:$H,"Sim",RASTREABILIDADE!$C:$C,IF(RESUMO!$B$5="Todas","<>",RESUMO!$B$5),RASTREABILIDADE!$B:$B,IF(RESUMO!$B$6="Todas","<>",RESUMO!$B$6))>0,1,0)) | J31: =IF(OR($C31="",$D31<>"Sim"),"",IF(COUNTIFS(RASTREABILIDADE!$A:$A,"C2",RASTREABILIDADE!$G:$G,$C31,RASTREABILIDADE!$H:$H,"Sim",RASTREABILIDADE!$C:$C,IF(RESUMO!$B$5="Todas","<>",RESUMO!$B$5),RASTREABILIDADE!$B:$B,IF(RESUMO!$B$6="Todas","<>",RESUMO!$B$6))>0,1,0))
A32: 32 | B32: =IF(GABARITO!$B33="","",IF(COUNTIF(GABARITO!$B$4:$B33,GABARITO!$B33)=1,GABARITO!$B33,"")) | C32: =IF(GABARITO!$G33="","",GABARITO!$G33) | D32: =IF(GABARITO!$J33="","",GABARITO!$J33) | E32: =IFERROR(__xludf.DUMMYFUNCTION("IF($B32="""","""",IF(SUMPRODUCT((RASTREABILIDADE!$A$2:$A$2000=""C0"")*(RASTREABILIDADE!$F$2:$F$2000=""Sim"")*REGEXMATCH(RASTREABILIDADE!$E$2:$E$2000,""(^|[^A-Za-z0-9])""&$B32&""($|[^A-Za-z0-9])"")*(((RESUMO!$B$5=""Todas"")+(RASTREABILIDADE!$C$2:$C$2000=RE"&"SUMO!$B$5))>0)*(((RESUMO!$B$6=""Todas"")+(RASTREABILIDADE!$B$2:$B$2000=RESUMO!$B$6))>0))>0,1,0))"),"") | F32: =IFERROR(__xludf.DUMMYFUNCTION("IF($B32="""","""",IF(SUMPRODUCT((RASTREABILIDADE!$A$2:$A$2000=""C1"")*(RASTREABILIDADE!$F$2:$F$2000=""Sim"")*REGEXMATCH(RASTREABILIDADE!$E$2:$E$2000,""(^|[^A-Za-z0-9])""&$B32&""($|[^A-Za-z0-9])"")*(((RESUMO!$B$5=""Todas"")+(RASTREABILIDADE!$C$2:$C$2000=RE"&"SUMO!$B$5))>0)*(((RESUMO!$B$6=""Todas"")+(RASTREABILIDADE!$B$2:$B$2000=RESUMO!$B$6))>0))>0,1,0))"),"") | G32: =IFERROR(__xludf.DUMMYFUNCTION("IF($B32="""","""",IF(SUMPRODUCT((RASTREABILIDADE!$A$2:$A$2000=""C2"")*(RASTREABILIDADE!$F$2:$F$2000=""Sim"")*REGEXMATCH(RASTREABILIDADE!$E$2:$E$2000,""(^|[^A-Za-z0-9])""&$B32&""($|[^A-Za-z0-9])"")*(((RESUMO!$B$5=""Todas"")+(RASTREABILIDADE!$C$2:$C$2000=RE"&"SUMO!$B$5))>0)*(((RESUMO!$B$6=""Todas"")+(RASTREABILIDADE!$B$2:$B$2000=RESUMO!$B$6))>0))>0,1,0))"),"") | H32: =IF(OR($C32="",$D32<>"Sim"),"",IF(COUNTIFS(RASTREABILIDADE!$A:$A,"C0",RASTREABILIDADE!$G:$G,$C32,RASTREABILIDADE!$H:$H,"Sim",RASTREABILIDADE!$C:$C,IF(RESUMO!$B$5="Todas","<>",RESUMO!$B$5),RASTREABILIDADE!$B:$B,IF(RESUMO!$B$6="Todas","<>",RESUMO!$B$6))>0,1,0)) | I32: =IF(OR($C32="",$D32<>"Sim"),"",IF(COUNTIFS(RASTREABILIDADE!$A:$A,"C1",RASTREABILIDADE!$G:$G,$C32,RASTREABILIDADE!$H:$H,"Sim",RASTREABILIDADE!$C:$C,IF(RESUMO!$B$5="Todas","<>",RESUMO!$B$5),RASTREABILIDADE!$B:$B,IF(RESUMO!$B$6="Todas","<>",RESUMO!$B$6))>0,1,0)) | J32: =IF(OR($C32="",$D32<>"Sim"),"",IF(COUNTIFS(RASTREABILIDADE!$A:$A,"C2",RASTREABILIDADE!$G:$G,$C32,RASTREABILIDADE!$H:$H,"Sim",RASTREABILIDADE!$C:$C,IF(RESUMO!$B$5="Todas","<>",RESUMO!$B$5),RASTREABILIDADE!$B:$B,IF(RESUMO!$B$6="Todas","<>",RESUMO!$B$6))>0,1,0))
A33: 33 | B33: =IF(GABARITO!$B34="","",IF(COUNTIF(GABARITO!$B$4:$B34,GABARITO!$B34)=1,GABARITO!$B34,"")) | C33: =IF(GABARITO!$G34="","",GABARITO!$G34) | D33: =IF(GABARITO!$J34="","",GABARITO!$J34) | E33: =IFERROR(__xludf.DUMMYFUNCTION("IF($B33="""","""",IF(SUMPRODUCT((RASTREABILIDADE!$A$2:$A$2000=""C0"")*(RASTREABILIDADE!$F$2:$F$2000=""Sim"")*REGEXMATCH(RASTREABILIDADE!$E$2:$E$2000,""(^|[^A-Za-z0-9])""&$B33&""($|[^A-Za-z0-9])"")*(((RESUMO!$B$5=""Todas"")+(RASTREABILIDADE!$C$2:$C$2000=RE"&"SUMO!$B$5))>0)*(((RESUMO!$B$6=""Todas"")+(RASTREABILIDADE!$B$2:$B$2000=RESUMO!$B$6))>0))>0,1,0))"),"") | F33: =IFERROR(__xludf.DUMMYFUNCTION("IF($B33="""","""",IF(SUMPRODUCT((RASTREABILIDADE!$A$2:$A$2000=""C1"")*(RASTREABILIDADE!$F$2:$F$2000=""Sim"")*REGEXMATCH(RASTREABILIDADE!$E$2:$E$2000,""(^|[^A-Za-z0-9])""&$B33&""($|[^A-Za-z0-9])"")*(((RESUMO!$B$5=""Todas"")+(RASTREABILIDADE!$C$2:$C$2000=RE"&"SUMO!$B$5))>0)*(((RESUMO!$B$6=""Todas"")+(RASTREABILIDADE!$B$2:$B$2000=RESUMO!$B$6))>0))>0,1,0))"),"") | G33: =IFERROR(__xludf.DUMMYFUNCTION("IF($B33="""","""",IF(SUMPRODUCT((RASTREABILIDADE!$A$2:$A$2000=""C2"")*(RASTREABILIDADE!$F$2:$F$2000=""Sim"")*REGEXMATCH(RASTREABILIDADE!$E$2:$E$2000,""(^|[^A-Za-z0-9])""&$B33&""($|[^A-Za-z0-9])"")*(((RESUMO!$B$5=""Todas"")+(RASTREABILIDADE!$C$2:$C$2000=RE"&"SUMO!$B$5))>0)*(((RESUMO!$B$6=""Todas"")+(RASTREABILIDADE!$B$2:$B$2000=RESUMO!$B$6))>0))>0,1,0))"),"") | H33: =IF(OR($C33="",$D33<>"Sim"),"",IF(COUNTIFS(RASTREABILIDADE!$A:$A,"C0",RASTREABILIDADE!$G:$G,$C33,RASTREABILIDADE!$H:$H,"Sim",RASTREABILIDADE!$C:$C,IF(RESUMO!$B$5="Todas","<>",RESUMO!$B$5),RASTREABILIDADE!$B:$B,IF(RESUMO!$B$6="Todas","<>",RESUMO!$B$6))>0,1,0)) | I33: =IF(OR($C33="",$D33<>"Sim"),"",IF(COUNTIFS(RASTREABILIDADE!$A:$A,"C1",RASTREABILIDADE!$G:$G,$C33,RASTREABILIDADE!$H:$H,"Sim",RASTREABILIDADE!$C:$C,IF(RESUMO!$B$5="Todas","<>",RESUMO!$B$5),RASTREABILIDADE!$B:$B,IF(RESUMO!$B$6="Todas","<>",RESUMO!$B$6))>0,1,0)) | J33: =IF(OR($C33="",$D33<>"Sim"),"",IF(COUNTIFS(RASTREABILIDADE!$A:$A,"C2",RASTREABILIDADE!$G:$G,$C33,RASTREABILIDADE!$H:$H,"Sim",RASTREABILIDADE!$C:$C,IF(RESUMO!$B$5="Todas","<>",RESUMO!$B$5),RASTREABILIDADE!$B:$B,IF(RESUMO!$B$6="Todas","<>",RESUMO!$B$6))>0,1,0))
A34: 34 | B34: =IF(GABARITO!$B35="","",IF(COUNTIF(GABARITO!$B$4:$B35,GABARITO!$B35)=1,GABARITO!$B35,"")) | C34: =IF(GABARITO!$G35="","",GABARITO!$G35) | D34: =IF(GABARITO!$J35="","",GABARITO!$J35) | E34: =IFERROR(__xludf.DUMMYFUNCTION("IF($B34="""","""",IF(SUMPRODUCT((RASTREABILIDADE!$A$2:$A$2000=""C0"")*(RASTREABILIDADE!$F$2:$F$2000=""Sim"")*REGEXMATCH(RASTREABILIDADE!$E$2:$E$2000,""(^|[^A-Za-z0-9])""&$B34&""($|[^A-Za-z0-9])"")*(((RESUMO!$B$5=""Todas"")+(RASTREABILIDADE!$C$2:$C$2000=RE"&"SUMO!$B$5))>0)*(((RESUMO!$B$6=""Todas"")+(RASTREABILIDADE!$B$2:$B$2000=RESUMO!$B$6))>0))>0,1,0))"),"") | F34: =IFERROR(__xludf.DUMMYFUNCTION("IF($B34="""","""",IF(SUMPRODUCT((RASTREABILIDADE!$A$2:$A$2000=""C1"")*(RASTREABILIDADE!$F$2:$F$2000=""Sim"")*REGEXMATCH(RASTREABILIDADE!$E$2:$E$2000,""(^|[^A-Za-z0-9])""&$B34&""($|[^A-Za-z0-9])"")*(((RESUMO!$B$5=""Todas"")+(RASTREABILIDADE!$C$2:$C$2000=RE"&"SUMO!$B$5))>0)*(((RESUMO!$B$6=""Todas"")+(RASTREABILIDADE!$B$2:$B$2000=RESUMO!$B$6))>0))>0,1,0))"),"") | G34: =IFERROR(__xludf.DUMMYFUNCTION("IF($B34="""","""",IF(SUMPRODUCT((RASTREABILIDADE!$A$2:$A$2000=""C2"")*(RASTREABILIDADE!$F$2:$F$2000=""Sim"")*REGEXMATCH(RASTREABILIDADE!$E$2:$E$2000,""(^|[^A-Za-z0-9])""&$B34&""($|[^A-Za-z0-9])"")*(((RESUMO!$B$5=""Todas"")+(RASTREABILIDADE!$C$2:$C$2000=RE"&"SUMO!$B$5))>0)*(((RESUMO!$B$6=""Todas"")+(RASTREABILIDADE!$B$2:$B$2000=RESUMO!$B$6))>0))>0,1,0))"),"") | H34: =IF(OR($C34="",$D34<>"Sim"),"",IF(COUNTIFS(RASTREABILIDADE!$A:$A,"C0",RASTREABILIDADE!$G:$G,$C34,RASTREABILIDADE!$H:$H,"Sim",RASTREABILIDADE!$C:$C,IF(RESUMO!$B$5="Todas","<>",RESUMO!$B$5),RASTREABILIDADE!$B:$B,IF(RESUMO!$B$6="Todas","<>",RESUMO!$B$6))>0,1,0)) | I34: =IF(OR($C34="",$D34<>"Sim"),"",IF(COUNTIFS(RASTREABILIDADE!$A:$A,"C1",RASTREABILIDADE!$G:$G,$C34,RASTREABILIDADE!$H:$H,"Sim",RASTREABILIDADE!$C:$C,IF(RESUMO!$B$5="Todas","<>",RESUMO!$B$5),RASTREABILIDADE!$B:$B,IF(RESUMO!$B$6="Todas","<>",RESUMO!$B$6))>0,1,0)) | J34: =IF(OR($C34="",$D34<>"Sim"),"",IF(COUNTIFS(RASTREABILIDADE!$A:$A,"C2",RASTREABILIDADE!$G:$G,$C34,RASTREABILIDADE!$H:$H,"Sim",RASTREABILIDADE!$C:$C,IF(RESUMO!$B$5="Todas","<>",RESUMO!$B$5),RASTREABILIDADE!$B:$B,IF(RESUMO!$B$6="Todas","<>",RESUMO!$B$6))>0,1,0))
A35: 35 | B35: =IF(GABARITO!$B36="","",IF(COUNTIF(GABARITO!$B$4:$B36,GABARITO!$B36)=1,GABARITO!$B36,"")) | C35: =IF(GABARITO!$G36="","",GABARITO!$G36) | D35: =IF(GABARITO!$J36="","",GABARITO!$J36) | E35: =IFERROR(__xludf.DUMMYFUNCTION("IF($B35="""","""",IF(SUMPRODUCT((RASTREABILIDADE!$A$2:$A$2000=""C0"")*(RASTREABILIDADE!$F$2:$F$2000=""Sim"")*REGEXMATCH(RASTREABILIDADE!$E$2:$E$2000,""(^|[^A-Za-z0-9])""&$B35&""($|[^A-Za-z0-9])"")*(((RESUMO!$B$5=""Todas"")+(RASTREABILIDADE!$C$2:$C$2000=RE"&"SUMO!$B$5))>0)*(((RESUMO!$B$6=""Todas"")+(RASTREABILIDADE!$B$2:$B$2000=RESUMO!$B$6))>0))>0,1,0))"),"") | F35: =IFERROR(__xludf.DUMMYFUNCTION("IF($B35="""","""",IF(SUMPRODUCT((RASTREABILIDADE!$A$2:$A$2000=""C1"")*(RASTREABILIDADE!$F$2:$F$2000=""Sim"")*REGEXMATCH(RASTREABILIDADE!$E$2:$E$2000,""(^|[^A-Za-z0-9])""&$B35&""($|[^A-Za-z0-9])"")*(((RESUMO!$B$5=""Todas"")+(RASTREABILIDADE!$C$2:$C$2000=RE"&"SUMO!$B$5))>0)*(((RESUMO!$B$6=""Todas"")+(RASTREABILIDADE!$B$2:$B$2000=RESUMO!$B$6))>0))>0,1,0))"),"") | G35: =IFERROR(__xludf.DUMMYFUNCTION("IF($B35="""","""",IF(SUMPRODUCT((RASTREABILIDADE!$A$2:$A$2000=""C2"")*(RASTREABILIDADE!$F$2:$F$2000=""Sim"")*REGEXMATCH(RASTREABILIDADE!$E$2:$E$2000,""(^|[^A-Za-z0-9])""&$B35&""($|[^A-Za-z0-9])"")*(((RESUMO!$B$5=""Todas"")+(RASTREABILIDADE!$C$2:$C$2000=RE"&"SUMO!$B$5))>0)*(((RESUMO!$B$6=""Todas"")+(RASTREABILIDADE!$B$2:$B$2000=RESUMO!$B$6))>0))>0,1,0))"),"") | H35: =IF(OR($C35="",$D35<>"Sim"),"",IF(COUNTIFS(RASTREABILIDADE!$A:$A,"C0",RASTREABILIDADE!$G:$G,$C35,RASTREABILIDADE!$H:$H,"Sim",RASTREABILIDADE!$C:$C,IF(RESUMO!$B$5="Todas","<>",RESUMO!$B$5),RASTREABILIDADE!$B:$B,IF(RESUMO!$B$6="Todas","<>",RESUMO!$B$6))>0,1,0)) | I35: =IF(OR($C35="",$D35<>"Sim"),"",IF(COUNTIFS(RASTREABILIDADE!$A:$A,"C1",RASTREABILIDADE!$G:$G,$C35,RASTREABILIDADE!$H:$H,"Sim",RASTREABILIDADE!$C:$C,IF(RESUMO!$B$5="Todas","<>",RESUMO!$B$5),RASTREABILIDADE!$B:$B,IF(RESUMO!$B$6="Todas","<>",RESUMO!$B$6))>0,1,0)) | J35: =IF(OR($C35="",$D35<>"Sim"),"",IF(COUNTIFS(RASTREABILIDADE!$A:$A,"C2",RASTREABILIDADE!$G:$G,$C35,RASTREABILIDADE!$H:$H,"Sim",RASTREABILIDADE!$C:$C,IF(RESUMO!$B$5="Todas","<>",RESUMO!$B$5),RASTREABILIDADE!$B:$B,IF(RESUMO!$B$6="Todas","<>",RESUMO!$B$6))>0,1,0))
A36: 36 | B36: =IF(GABARITO!$B37="","",IF(COUNTIF(GABARITO!$B$4:$B37,GABARITO!$B37)=1,GABARITO!$B37,"")) | C36: =IF(GABARITO!$G37="","",GABARITO!$G37) | D36: =IF(GABARITO!$J37="","",GABARITO!$J37) | E36: =IFERROR(__xludf.DUMMYFUNCTION("IF($B36="""","""",IF(SUMPRODUCT((RASTREABILIDADE!$A$2:$A$2000=""C0"")*(RASTREABILIDADE!$F$2:$F$2000=""Sim"")*REGEXMATCH(RASTREABILIDADE!$E$2:$E$2000,""(^|[^A-Za-z0-9])""&$B36&""($|[^A-Za-z0-9])"")*(((RESUMO!$B$5=""Todas"")+(RASTREABILIDADE!$C$2:$C$2000=RE"&"SUMO!$B$5))>0)*(((RESUMO!$B$6=""Todas"")+(RASTREABILIDADE!$B$2:$B$2000=RESUMO!$B$6))>0))>0,1,0))"),"") | F36: =IFERROR(__xludf.DUMMYFUNCTION("IF($B36="""","""",IF(SUMPRODUCT((RASTREABILIDADE!$A$2:$A$2000=""C1"")*(RASTREABILIDADE!$F$2:$F$2000=""Sim"")*REGEXMATCH(RASTREABILIDADE!$E$2:$E$2000,""(^|[^A-Za-z0-9])""&$B36&""($|[^A-Za-z0-9])"")*(((RESUMO!$B$5=""Todas"")+(RASTREABILIDADE!$C$2:$C$2000=RE"&"SUMO!$B$5))>0)*(((RESUMO!$B$6=""Todas"")+(RASTREABILIDADE!$B$2:$B$2000=RESUMO!$B$6))>0))>0,1,0))"),"") | G36: =IFERROR(__xludf.DUMMYFUNCTION("IF($B36="""","""",IF(SUMPRODUCT((RASTREABILIDADE!$A$2:$A$2000=""C2"")*(RASTREABILIDADE!$F$2:$F$2000=""Sim"")*REGEXMATCH(RASTREABILIDADE!$E$2:$E$2000,""(^|[^A-Za-z0-9])""&$B36&""($|[^A-Za-z0-9])"")*(((RESUMO!$B$5=""Todas"")+(RASTREABILIDADE!$C$2:$C$2000=RE"&"SUMO!$B$5))>0)*(((RESUMO!$B$6=""Todas"")+(RASTREABILIDADE!$B$2:$B$2000=RESUMO!$B$6))>0))>0,1,0))"),"") | H36: =IF(OR($C36="",$D36<>"Sim"),"",IF(COUNTIFS(RASTREABILIDADE!$A:$A,"C0",RASTREABILIDADE!$G:$G,$C36,RASTREABILIDADE!$H:$H,"Sim",RASTREABILIDADE!$C:$C,IF(RESUMO!$B$5="Todas","<>",RESUMO!$B$5),RASTREABILIDADE!$B:$B,IF(RESUMO!$B$6="Todas","<>",RESUMO!$B$6))>0,1,0)) | I36: =IF(OR($C36="",$D36<>"Sim"),"",IF(COUNTIFS(RASTREABILIDADE!$A:$A,"C1",RASTREABILIDADE!$G:$G,$C36,RASTREABILIDADE!$H:$H,"Sim",RASTREABILIDADE!$C:$C,IF(RESUMO!$B$5="Todas","<>",RESUMO!$B$5),RASTREABILIDADE!$B:$B,IF(RESUMO!$B$6="Todas","<>",RESUMO!$B$6))>0,1,0)) | J36: =IF(OR($C36="",$D36<>"Sim"),"",IF(COUNTIFS(RASTREABILIDADE!$A:$A,"C2",RASTREABILIDADE!$G:$G,$C36,RASTREABILIDADE!$H:$H,"Sim",RASTREABILIDADE!$C:$C,IF(RESUMO!$B$5="Todas","<>",RESUMO!$B$5),RASTREABILIDADE!$B:$B,IF(RESUMO!$B$6="Todas","<>",RESUMO!$B$6))>0,1,0))
A37: 37 | B37: =IF(GABARITO!$B38="","",IF(COUNTIF(GABARITO!$B$4:$B38,GABARITO!$B38)=1,GABARITO!$B38,"")) | C37: =IF(GABARITO!$G38="","",GABARITO!$G38) | D37: =IF(GABARITO!$J38="","",GABARITO!$J38) | E37: =IFERROR(__xludf.DUMMYFUNCTION("IF($B37="""","""",IF(SUMPRODUCT((RASTREABILIDADE!$A$2:$A$2000=""C0"")*(RASTREABILIDADE!$F$2:$F$2000=""Sim"")*REGEXMATCH(RASTREABILIDADE!$E$2:$E$2000,""(^|[^A-Za-z0-9])""&$B37&""($|[^A-Za-z0-9])"")*(((RESUMO!$B$5=""Todas"")+(RASTREABILIDADE!$C$2:$C$2000=RE"&"SUMO!$B$5))>0)*(((RESUMO!$B$6=""Todas"")+(RASTREABILIDADE!$B$2:$B$2000=RESUMO!$B$6))>0))>0,1,0))"),"") | F37: =IFERROR(__xludf.DUMMYFUNCTION("IF($B37="""","""",IF(SUMPRODUCT((RASTREABILIDADE!$A$2:$A$2000=""C1"")*(RASTREABILIDADE!$F$2:$F$2000=""Sim"")*REGEXMATCH(RASTREABILIDADE!$E$2:$E$2000,""(^|[^A-Za-z0-9])""&$B37&""($|[^A-Za-z0-9])"")*(((RESUMO!$B$5=""Todas"")+(RASTREABILIDADE!$C$2:$C$2000=RE"&"SUMO!$B$5))>0)*(((RESUMO!$B$6=""Todas"")+(RASTREABILIDADE!$B$2:$B$2000=RESUMO!$B$6))>0))>0,1,0))"),"") | G37: =IFERROR(__xludf.DUMMYFUNCTION("IF($B37="""","""",IF(SUMPRODUCT((RASTREABILIDADE!$A$2:$A$2000=""C2"")*(RASTREABILIDADE!$F$2:$F$2000=""Sim"")*REGEXMATCH(RASTREABILIDADE!$E$2:$E$2000,""(^|[^A-Za-z0-9])""&$B37&""($|[^A-Za-z0-9])"")*(((RESUMO!$B$5=""Todas"")+(RASTREABILIDADE!$C$2:$C$2000=RE"&"SUMO!$B$5))>0)*(((RESUMO!$B$6=""Todas"")+(RASTREABILIDADE!$B$2:$B$2000=RESUMO!$B$6))>0))>0,1,0))"),"") | H37: =IF(OR($C37="",$D37<>"Sim"),"",IF(COUNTIFS(RASTREABILIDADE!$A:$A,"C0",RASTREABILIDADE!$G:$G,$C37,RASTREABILIDADE!$H:$H,"Sim",RASTREABILIDADE!$C:$C,IF(RESUMO!$B$5="Todas","<>",RESUMO!$B$5),RASTREABILIDADE!$B:$B,IF(RESUMO!$B$6="Todas","<>",RESUMO!$B$6))>0,1,0)) | I37: =IF(OR($C37="",$D37<>"Sim"),"",IF(COUNTIFS(RASTREABILIDADE!$A:$A,"C1",RASTREABILIDADE!$G:$G,$C37,RASTREABILIDADE!$H:$H,"Sim",RASTREABILIDADE!$C:$C,IF(RESUMO!$B$5="Todas","<>",RESUMO!$B$5),RASTREABILIDADE!$B:$B,IF(RESUMO!$B$6="Todas","<>",RESUMO!$B$6))>0,1,0)) | J37: =IF(OR($C37="",$D37<>"Sim"),"",IF(COUNTIFS(RASTREABILIDADE!$A:$A,"C2",RASTREABILIDADE!$G:$G,$C37,RASTREABILIDADE!$H:$H,"Sim",RASTREABILIDADE!$C:$C,IF(RESUMO!$B$5="Todas","<>",RESUMO!$B$5),RASTREABILIDADE!$B:$B,IF(RESUMO!$B$6="Todas","<>",RESUMO!$B$6))>0,1,0))
A38: 38 | B38: =IF(GABARITO!$B39="","",IF(COUNTIF(GABARITO!$B$4:$B39,GABARITO!$B39)=1,GABARITO!$B39,"")) | C38: =IF(GABARITO!$G39="","",GABARITO!$G39) | D38: =IF(GABARITO!$J39="","",GABARITO!$J39) | E38: =IFERROR(__xludf.DUMMYFUNCTION("IF($B38="""","""",IF(SUMPRODUCT((RASTREABILIDADE!$A$2:$A$2000=""C0"")*(RASTREABILIDADE!$F$2:$F$2000=""Sim"")*REGEXMATCH(RASTREABILIDADE!$E$2:$E$2000,""(^|[^A-Za-z0-9])""&$B38&""($|[^A-Za-z0-9])"")*(((RESUMO!$B$5=""Todas"")+(RASTREABILIDADE!$C$2:$C$2000=RE"&"SUMO!$B$5))>0)*(((RESUMO!$B$6=""Todas"")+(RASTREABILIDADE!$B$2:$B$2000=RESUMO!$B$6))>0))>0,1,0))"),"") | F38: =IFERROR(__xludf.DUMMYFUNCTION("IF($B38="""","""",IF(SUMPRODUCT((RASTREABILIDADE!$A$2:$A$2000=""C1"")*(RASTREABILIDADE!$F$2:$F$2000=""Sim"")*REGEXMATCH(RASTREABILIDADE!$E$2:$E$2000,""(^|[^A-Za-z0-9])""&$B38&""($|[^A-Za-z0-9])"")*(((RESUMO!$B$5=""Todas"")+(RASTREABILIDADE!$C$2:$C$2000=RE"&"SUMO!$B$5))>0)*(((RESUMO!$B$6=""Todas"")+(RASTREABILIDADE!$B$2:$B$2000=RESUMO!$B$6))>0))>0,1,0))"),"") | G38: =IFERROR(__xludf.DUMMYFUNCTION("IF($B38="""","""",IF(SUMPRODUCT((RASTREABILIDADE!$A$2:$A$2000=""C2"")*(RASTREABILIDADE!$F$2:$F$2000=""Sim"")*REGEXMATCH(RASTREABILIDADE!$E$2:$E$2000,""(^|[^A-Za-z0-9])""&$B38&""($|[^A-Za-z0-9])"")*(((RESUMO!$B$5=""Todas"")+(RASTREABILIDADE!$C$2:$C$2000=RE"&"SUMO!$B$5))>0)*(((RESUMO!$B$6=""Todas"")+(RASTREABILIDADE!$B$2:$B$2000=RESUMO!$B$6))>0))>0,1,0))"),"") | H38: =IF(OR($C38="",$D38<>"Sim"),"",IF(COUNTIFS(RASTREABILIDADE!$A:$A,"C0",RASTREABILIDADE!$G:$G,$C38,RASTREABILIDADE!$H:$H,"Sim",RASTREABILIDADE!$C:$C,IF(RESUMO!$B$5="Todas","<>",RESUMO!$B$5),RASTREABILIDADE!$B:$B,IF(RESUMO!$B$6="Todas","<>",RESUMO!$B$6))>0,1,0)) | I38: =IF(OR($C38="",$D38<>"Sim"),"",IF(COUNTIFS(RASTREABILIDADE!$A:$A,"C1",RASTREABILIDADE!$G:$G,$C38,RASTREABILIDADE!$H:$H,"Sim",RASTREABILIDADE!$C:$C,IF(RESUMO!$B$5="Todas","<>",RESUMO!$B$5),RASTREABILIDADE!$B:$B,IF(RESUMO!$B$6="Todas","<>",RESUMO!$B$6))>0,1,0)) | J38: =IF(OR($C38="",$D38<>"Sim"),"",IF(COUNTIFS(RASTREABILIDADE!$A:$A,"C2",RASTREABILIDADE!$G:$G,$C38,RASTREABILIDADE!$H:$H,"Sim",RASTREABILIDADE!$C:$C,IF(RESUMO!$B$5="Todas","<>",RESUMO!$B$5),RASTREABILIDADE!$B:$B,IF(RESUMO!$B$6="Todas","<>",RESUMO!$B$6))>0,1,0))
A39: 39 | B39: =IF(GABARITO!$B40="","",IF(COUNTIF(GABARITO!$B$4:$B40,GABARITO!$B40)=1,GABARITO!$B40,"")) | C39: =IF(GABARITO!$G40="","",GABARITO!$G40) | D39: =IF(GABARITO!$J40="","",GABARITO!$J40) | E39: =IFERROR(__xludf.DUMMYFUNCTION("IF($B39="""","""",IF(SUMPRODUCT((RASTREABILIDADE!$A$2:$A$2000=""C0"")*(RASTREABILIDADE!$F$2:$F$2000=""Sim"")*REGEXMATCH(RASTREABILIDADE!$E$2:$E$2000,""(^|[^A-Za-z0-9])""&$B39&""($|[^A-Za-z0-9])"")*(((RESUMO!$B$5=""Todas"")+(RASTREABILIDADE!$C$2:$C$2000=RE"&"SUMO!$B$5))>0)*(((RESUMO!$B$6=""Todas"")+(RASTREABILIDADE!$B$2:$B$2000=RESUMO!$B$6))>0))>0,1,0))"),"") | F39: =IFERROR(__xludf.DUMMYFUNCTION("IF($B39="""","""",IF(SUMPRODUCT((RASTREABILIDADE!$A$2:$A$2000=""C1"")*(RASTREABILIDADE!$F$2:$F$2000=""Sim"")*REGEXMATCH(RASTREABILIDADE!$E$2:$E$2000,""(^|[^A-Za-z0-9])""&$B39&""($|[^A-Za-z0-9])"")*(((RESUMO!$B$5=""Todas"")+(RASTREABILIDADE!$C$2:$C$2000=RE"&"SUMO!$B$5))>0)*(((RESUMO!$B$6=""Todas"")+(RASTREABILIDADE!$B$2:$B$2000=RESUMO!$B$6))>0))>0,1,0))"),"") | G39: =IFERROR(__xludf.DUMMYFUNCTION("IF($B39="""","""",IF(SUMPRODUCT((RASTREABILIDADE!$A$2:$A$2000=""C2"")*(RASTREABILIDADE!$F$2:$F$2000=""Sim"")*REGEXMATCH(RASTREABILIDADE!$E$2:$E$2000,""(^|[^A-Za-z0-9])""&$B39&""($|[^A-Za-z0-9])"")*(((RESUMO!$B$5=""Todas"")+(RASTREABILIDADE!$C$2:$C$2000=RE"&"SUMO!$B$5))>0)*(((RESUMO!$B$6=""Todas"")+(RASTREABILIDADE!$B$2:$B$2000=RESUMO!$B$6))>0))>0,1,0))"),"") | H39: =IF(OR($C39="",$D39<>"Sim"),"",IF(COUNTIFS(RASTREABILIDADE!$A:$A,"C0",RASTREABILIDADE!$G:$G,$C39,RASTREABILIDADE!$H:$H,"Sim",RASTREABILIDADE!$C:$C,IF(RESUMO!$B$5="Todas","<>",RESUMO!$B$5),RASTREABILIDADE!$B:$B,IF(RESUMO!$B$6="Todas","<>",RESUMO!$B$6))>0,1,0)) | I39: =IF(OR($C39="",$D39<>"Sim"),"",IF(COUNTIFS(RASTREABILIDADE!$A:$A,"C1",RASTREABILIDADE!$G:$G,$C39,RASTREABILIDADE!$H:$H,"Sim",RASTREABILIDADE!$C:$C,IF(RESUMO!$B$5="Todas","<>",RESUMO!$B$5),RASTREABILIDADE!$B:$B,IF(RESUMO!$B$6="Todas","<>",RESUMO!$B$6))>0,1,0)) | J39: =IF(OR($C39="",$D39<>"Sim"),"",IF(COUNTIFS(RASTREABILIDADE!$A:$A,"C2",RASTREABILIDADE!$G:$G,$C39,RASTREABILIDADE!$H:$H,"Sim",RASTREABILIDADE!$C:$C,IF(RESUMO!$B$5="Todas","<>",RESUMO!$B$5),RASTREABILIDADE!$B:$B,IF(RESUMO!$B$6="Todas","<>",RESUMO!$B$6))>0,1,0))
A40: 40 | B40: =IF(GABARITO!$B41="","",IF(COUNTIF(GABARITO!$B$4:$B41,GABARITO!$B41)=1,GABARITO!$B41,"")) | C40: =IF(GABARITO!$G41="","",GABARITO!$G41) | D40: =IF(GABARITO!$J41="","",GABARITO!$J41) | E40: =IFERROR(__xludf.DUMMYFUNCTION("IF($B40="""","""",IF(SUMPRODUCT((RASTREABILIDADE!$A$2:$A$2000=""C0"")*(RASTREABILIDADE!$F$2:$F$2000=""Sim"")*REGEXMATCH(RASTREABILIDADE!$E$2:$E$2000,""(^|[^A-Za-z0-9])""&$B40&""($|[^A-Za-z0-9])"")*(((RESUMO!$B$5=""Todas"")+(RASTREABILIDADE!$C$2:$C$2000=RE"&"SUMO!$B$5))>0)*(((RESUMO!$B$6=""Todas"")+(RASTREABILIDADE!$B$2:$B$2000=RESUMO!$B$6))>0))>0,1,0))"),"") | F40: =IFERROR(__xludf.DUMMYFUNCTION("IF($B40="""","""",IF(SUMPRODUCT((RASTREABILIDADE!$A$2:$A$2000=""C1"")*(RASTREABILIDADE!$F$2:$F$2000=""Sim"")*REGEXMATCH(RASTREABILIDADE!$E$2:$E$2000,""(^|[^A-Za-z0-9])""&$B40&""($|[^A-Za-z0-9])"")*(((RESUMO!$B$5=""Todas"")+(RASTREABILIDADE!$C$2:$C$2000=RE"&"SUMO!$B$5))>0)*(((RESUMO!$B$6=""Todas"")+(RASTREABILIDADE!$B$2:$B$2000=RESUMO!$B$6))>0))>0,1,0))"),"") | G40: =IFERROR(__xludf.DUMMYFUNCTION("IF($B40="""","""",IF(SUMPRODUCT((RASTREABILIDADE!$A$2:$A$2000=""C2"")*(RASTREABILIDADE!$F$2:$F$2000=""Sim"")*REGEXMATCH(RASTREABILIDADE!$E$2:$E$2000,""(^|[^A-Za-z0-9])""&$B40&""($|[^A-Za-z0-9])"")*(((RESUMO!$B$5=""Todas"")+(RASTREABILIDADE!$C$2:$C$2000=RE"&"SUMO!$B$5))>0)*(((RESUMO!$B$6=""Todas"")+(RASTREABILIDADE!$B$2:$B$2000=RESUMO!$B$6))>0))>0,1,0))"),"") | H40: =IF(OR($C40="",$D40<>"Sim"),"",IF(COUNTIFS(RASTREABILIDADE!$A:$A,"C0",RASTREABILIDADE!$G:$G,$C40,RASTREABILIDADE!$H:$H,"Sim",RASTREABILIDADE!$C:$C,IF(RESUMO!$B$5="Todas","<>",RESUMO!$B$5),RASTREABILIDADE!$B:$B,IF(RESUMO!$B$6="Todas","<>",RESUMO!$B$6))>0,1,0)) | I40: =IF(OR($C40="",$D40<>"Sim"),"",IF(COUNTIFS(RASTREABILIDADE!$A:$A,"C1",RASTREABILIDADE!$G:$G,$C40,RASTREABILIDADE!$H:$H,"Sim",RASTREABILIDADE!$C:$C,IF(RESUMO!$B$5="Todas","<>",RESUMO!$B$5),RASTREABILIDADE!$B:$B,IF(RESUMO!$B$6="Todas","<>",RESUMO!$B$6))>0,1,0)) | J40: =IF(OR($C40="",$D40<>"Sim"),"",IF(COUNTIFS(RASTREABILIDADE!$A:$A,"C2",RASTREABILIDADE!$G:$G,$C40,RASTREABILIDADE!$H:$H,"Sim",RASTREABILIDADE!$C:$C,IF(RESUMO!$B$5="Todas","<>",RESUMO!$B$5),RASTREABILIDADE!$B:$B,IF(RESUMO!$B$6="Todas","<>",RESUMO!$B$6))>0,1,0))
A41: 41 | B41: =IF(GABARITO!$B42="","",IF(COUNTIF(GABARITO!$B$4:$B42,GABARITO!$B42)=1,GABARITO!$B42,"")) | C41: =IF(GABARITO!$G42="","",GABARITO!$G42) | D41: =IF(GABARITO!$J42="","",GABARITO!$J42) | E41: =IFERROR(__xludf.DUMMYFUNCTION("IF($B41="""","""",IF(SUMPRODUCT((RASTREABILIDADE!$A$2:$A$2000=""C0"")*(RASTREABILIDADE!$F$2:$F$2000=""Sim"")*REGEXMATCH(RASTREABILIDADE!$E$2:$E$2000,""(^|[^A-Za-z0-9])""&$B41&""($|[^A-Za-z0-9])"")*(((RESUMO!$B$5=""Todas"")+(RASTREABILIDADE!$C$2:$C$2000=RE"&"SUMO!$B$5))>0)*(((RESUMO!$B$6=""Todas"")+(RASTREABILIDADE!$B$2:$B$2000=RESUMO!$B$6))>0))>0,1,0))"),"") | F41: =IFERROR(__xludf.DUMMYFUNCTION("IF($B41="""","""",IF(SUMPRODUCT((RASTREABILIDADE!$A$2:$A$2000=""C1"")*(RASTREABILIDADE!$F$2:$F$2000=""Sim"")*REGEXMATCH(RASTREABILIDADE!$E$2:$E$2000,""(^|[^A-Za-z0-9])""&$B41&""($|[^A-Za-z0-9])"")*(((RESUMO!$B$5=""Todas"")+(RASTREABILIDADE!$C$2:$C$2000=RE"&"SUMO!$B$5))>0)*(((RESUMO!$B$6=""Todas"")+(RASTREABILIDADE!$B$2:$B$2000=RESUMO!$B$6))>0))>0,1,0))"),"") | G41: =IFERROR(__xludf.DUMMYFUNCTION("IF($B41="""","""",IF(SUMPRODUCT((RASTREABILIDADE!$A$2:$A$2000=""C2"")*(RASTREABILIDADE!$F$2:$F$2000=""Sim"")*REGEXMATCH(RASTREABILIDADE!$E$2:$E$2000,""(^|[^A-Za-z0-9])""&$B41&""($|[^A-Za-z0-9])"")*(((RESUMO!$B$5=""Todas"")+(RASTREABILIDADE!$C$2:$C$2000=RE"&"SUMO!$B$5))>0)*(((RESUMO!$B$6=""Todas"")+(RASTREABILIDADE!$B$2:$B$2000=RESUMO!$B$6))>0))>0,1,0))"),"") | H41: =IF(OR($C41="",$D41<>"Sim"),"",IF(COUNTIFS(RASTREABILIDADE!$A:$A,"C0",RASTREABILIDADE!$G:$G,$C41,RASTREABILIDADE!$H:$H,"Sim",RASTREABILIDADE!$C:$C,IF(RESUMO!$B$5="Todas","<>",RESUMO!$B$5),RASTREABILIDADE!$B:$B,IF(RESUMO!$B$6="Todas","<>",RESUMO!$B$6))>0,1,0)) | I41: =IF(OR($C41="",$D41<>"Sim"),"",IF(COUNTIFS(RASTREABILIDADE!$A:$A,"C1",RASTREABILIDADE!$G:$G,$C41,RASTREABILIDADE!$H:$H,"Sim",RASTREABILIDADE!$C:$C,IF(RESUMO!$B$5="Todas","<>",RESUMO!$B$5),RASTREABILIDADE!$B:$B,IF(RESUMO!$B$6="Todas","<>",RESUMO!$B$6))>0,1,0)) | J41: =IF(OR($C41="",$D41<>"Sim"),"",IF(COUNTIFS(RASTREABILIDADE!$A:$A,"C2",RASTREABILIDADE!$G:$G,$C41,RASTREABILIDADE!$H:$H,"Sim",RASTREABILIDADE!$C:$C,IF(RESUMO!$B$5="Todas","<>",RESUMO!$B$5),RASTREABILIDADE!$B:$B,IF(RESUMO!$B$6="Todas","<>",RESUMO!$B$6))>0,1,0))
A42: 42 | B42: =IF(GABARITO!$B43="","",IF(COUNTIF(GABARITO!$B$4:$B43,GABARITO!$B43)=1,GABARITO!$B43,"")) | C42: =IF(GABARITO!$G43="","",GABARITO!$G43) | D42: =IF(GABARITO!$J43="","",GABARITO!$J43) | E42: =IFERROR(__xludf.DUMMYFUNCTION("IF($B42="""","""",IF(SUMPRODUCT((RASTREABILIDADE!$A$2:$A$2000=""C0"")*(RASTREABILIDADE!$F$2:$F$2000=""Sim"")*REGEXMATCH(RASTREABILIDADE!$E$2:$E$2000,""(^|[^A-Za-z0-9])""&$B42&""($|[^A-Za-z0-9])"")*(((RESUMO!$B$5=""Todas"")+(RASTREABILIDADE!$C$2:$C$2000=RE"&"SUMO!$B$5))>0)*(((RESUMO!$B$6=""Todas"")+(RASTREABILIDADE!$B$2:$B$2000=RESUMO!$B$6))>0))>0,1,0))"),"") | F42: =IFERROR(__xludf.DUMMYFUNCTION("IF($B42="""","""",IF(SUMPRODUCT((RASTREABILIDADE!$A$2:$A$2000=""C1"")*(RASTREABILIDADE!$F$2:$F$2000=""Sim"")*REGEXMATCH(RASTREABILIDADE!$E$2:$E$2000,""(^|[^A-Za-z0-9])""&$B42&""($|[^A-Za-z0-9])"")*(((RESUMO!$B$5=""Todas"")+(RASTREABILIDADE!$C$2:$C$2000=RE"&"SUMO!$B$5))>0)*(((RESUMO!$B$6=""Todas"")+(RASTREABILIDADE!$B$2:$B$2000=RESUMO!$B$6))>0))>0,1,0))"),"") | G42: =IFERROR(__xludf.DUMMYFUNCTION("IF($B42="""","""",IF(SUMPRODUCT((RASTREABILIDADE!$A$2:$A$2000=""C2"")*(RASTREABILIDADE!$F$2:$F$2000=""Sim"")*REGEXMATCH(RASTREABILIDADE!$E$2:$E$2000,""(^|[^A-Za-z0-9])""&$B42&""($|[^A-Za-z0-9])"")*(((RESUMO!$B$5=""Todas"")+(RASTREABILIDADE!$C$2:$C$2000=RE"&"SUMO!$B$5))>0)*(((RESUMO!$B$6=""Todas"")+(RASTREABILIDADE!$B$2:$B$2000=RESUMO!$B$6))>0))>0,1,0))"),"") | H42: =IF(OR($C42="",$D42<>"Sim"),"",IF(COUNTIFS(RASTREABILIDADE!$A:$A,"C0",RASTREABILIDADE!$G:$G,$C42,RASTREABILIDADE!$H:$H,"Sim",RASTREABILIDADE!$C:$C,IF(RESUMO!$B$5="Todas","<>",RESUMO!$B$5),RASTREABILIDADE!$B:$B,IF(RESUMO!$B$6="Todas","<>",RESUMO!$B$6))>0,1,0)) | I42: =IF(OR($C42="",$D42<>"Sim"),"",IF(COUNTIFS(RASTREABILIDADE!$A:$A,"C1",RASTREABILIDADE!$G:$G,$C42,RASTREABILIDADE!$H:$H,"Sim",RASTREABILIDADE!$C:$C,IF(RESUMO!$B$5="Todas","<>",RESUMO!$B$5),RASTREABILIDADE!$B:$B,IF(RESUMO!$B$6="Todas","<>",RESUMO!$B$6))>0,1,0)) | J42: =IF(OR($C42="",$D42<>"Sim"),"",IF(COUNTIFS(RASTREABILIDADE!$A:$A,"C2",RASTREABILIDADE!$G:$G,$C42,RASTREABILIDADE!$H:$H,"Sim",RASTREABILIDADE!$C:$C,IF(RESUMO!$B$5="Todas","<>",RESUMO!$B$5),RASTREABILIDADE!$B:$B,IF(RESUMO!$B$6="Todas","<>",RESUMO!$B$6))>0,1,0))
A43: 43 | B43: =IF(GABARITO!$B44="","",IF(COUNTIF(GABARITO!$B$4:$B44,GABARITO!$B44)=1,GABARITO!$B44,"")) | C43: =IF(GABARITO!$G44="","",GABARITO!$G44) | D43: =IF(GABARITO!$J44="","",GABARITO!$J44) | E43: =IFERROR(__xludf.DUMMYFUNCTION("IF($B43="""","""",IF(SUMPRODUCT((RASTREABILIDADE!$A$2:$A$2000=""C0"")*(RASTREABILIDADE!$F$2:$F$2000=""Sim"")*REGEXMATCH(RASTREABILIDADE!$E$2:$E$2000,""(^|[^A-Za-z0-9])""&$B43&""($|[^A-Za-z0-9])"")*(((RESUMO!$B$5=""Todas"")+(RASTREABILIDADE!$C$2:$C$2000=RE"&"SUMO!$B$5))>0)*(((RESUMO!$B$6=""Todas"")+(RASTREABILIDADE!$B$2:$B$2000=RESUMO!$B$6))>0))>0,1,0))"),"") | F43: =IFERROR(__xludf.DUMMYFUNCTION("IF($B43="""","""",IF(SUMPRODUCT((RASTREABILIDADE!$A$2:$A$2000=""C1"")*(RASTREABILIDADE!$F$2:$F$2000=""Sim"")*REGEXMATCH(RASTREABILIDADE!$E$2:$E$2000,""(^|[^A-Za-z0-9])""&$B43&""($|[^A-Za-z0-9])"")*(((RESUMO!$B$5=""Todas"")+(RASTREABILIDADE!$C$2:$C$2000=RE"&"SUMO!$B$5))>0)*(((RESUMO!$B$6=""Todas"")+(RASTREABILIDADE!$B$2:$B$2000=RESUMO!$B$6))>0))>0,1,0))"),"") | G43: =IFERROR(__xludf.DUMMYFUNCTION("IF($B43="""","""",IF(SUMPRODUCT((RASTREABILIDADE!$A$2:$A$2000=""C2"")*(RASTREABILIDADE!$F$2:$F$2000=""Sim"")*REGEXMATCH(RASTREABILIDADE!$E$2:$E$2000,""(^|[^A-Za-z0-9])""&$B43&""($|[^A-Za-z0-9])"")*(((RESUMO!$B$5=""Todas"")+(RASTREABILIDADE!$C$2:$C$2000=RE"&"SUMO!$B$5))>0)*(((RESUMO!$B$6=""Todas"")+(RASTREABILIDADE!$B$2:$B$2000=RESUMO!$B$6))>0))>0,1,0))"),"") | H43: =IF(OR($C43="",$D43<>"Sim"),"",IF(COUNTIFS(RASTREABILIDADE!$A:$A,"C0",RASTREABILIDADE!$G:$G,$C43,RASTREABILIDADE!$H:$H,"Sim",RASTREABILIDADE!$C:$C,IF(RESUMO!$B$5="Todas","<>",RESUMO!$B$5),RASTREABILIDADE!$B:$B,IF(RESUMO!$B$6="Todas","<>",RESUMO!$B$6))>0,1,0)) | I43: =IF(OR($C43="",$D43<>"Sim"),"",IF(COUNTIFS(RASTREABILIDADE!$A:$A,"C1",RASTREABILIDADE!$G:$G,$C43,RASTREABILIDADE!$H:$H,"Sim",RASTREABILIDADE!$C:$C,IF(RESUMO!$B$5="Todas","<>",RESUMO!$B$5),RASTREABILIDADE!$B:$B,IF(RESUMO!$B$6="Todas","<>",RESUMO!$B$6))>0,1,0)) | J43: =IF(OR($C43="",$D43<>"Sim"),"",IF(COUNTIFS(RASTREABILIDADE!$A:$A,"C2",RASTREABILIDADE!$G:$G,$C43,RASTREABILIDADE!$H:$H,"Sim",RASTREABILIDADE!$C:$C,IF(RESUMO!$B$5="Todas","<>",RESUMO!$B$5),RASTREABILIDADE!$B:$B,IF(RESUMO!$B$6="Todas","<>",RESUMO!$B$6))>0,1,0))
A44: 44 | B44: =IF(GABARITO!$B45="","",IF(COUNTIF(GABARITO!$B$4:$B45,GABARITO!$B45)=1,GABARITO!$B45,"")) | C44: =IF(GABARITO!$G45="","",GABARITO!$G45) | D44: =IF(GABARITO!$J45="","",GABARITO!$J45) | E44: =IFERROR(__xludf.DUMMYFUNCTION("IF($B44="""","""",IF(SUMPRODUCT((RASTREABILIDADE!$A$2:$A$2000=""C0"")*(RASTREABILIDADE!$F$2:$F$2000=""Sim"")*REGEXMATCH(RASTREABILIDADE!$E$2:$E$2000,""(^|[^A-Za-z0-9])""&$B44&""($|[^A-Za-z0-9])"")*(((RESUMO!$B$5=""Todas"")+(RASTREABILIDADE!$C$2:$C$2000=RE"&"SUMO!$B$5))>0)*(((RESUMO!$B$6=""Todas"")+(RASTREABILIDADE!$B$2:$B$2000=RESUMO!$B$6))>0))>0,1,0))"),"") | F44: =IFERROR(__xludf.DUMMYFUNCTION("IF($B44="""","""",IF(SUMPRODUCT((RASTREABILIDADE!$A$2:$A$2000=""C1"")*(RASTREABILIDADE!$F$2:$F$2000=""Sim"")*REGEXMATCH(RASTREABILIDADE!$E$2:$E$2000,""(^|[^A-Za-z0-9])""&$B44&""($|[^A-Za-z0-9])"")*(((RESUMO!$B$5=""Todas"")+(RASTREABILIDADE!$C$2:$C$2000=RE"&"SUMO!$B$5))>0)*(((RESUMO!$B$6=""Todas"")+(RASTREABILIDADE!$B$2:$B$2000=RESUMO!$B$6))>0))>0,1,0))"),"") | G44: =IFERROR(__xludf.DUMMYFUNCTION("IF($B44="""","""",IF(SUMPRODUCT((RASTREABILIDADE!$A$2:$A$2000=""C2"")*(RASTREABILIDADE!$F$2:$F$2000=""Sim"")*REGEXMATCH(RASTREABILIDADE!$E$2:$E$2000,""(^|[^A-Za-z0-9])""&$B44&""($|[^A-Za-z0-9])"")*(((RESUMO!$B$5=""Todas"")+(RASTREABILIDADE!$C$2:$C$2000=RE"&"SUMO!$B$5))>0)*(((RESUMO!$B$6=""Todas"")+(RASTREABILIDADE!$B$2:$B$2000=RESUMO!$B$6))>0))>0,1,0))"),"") | H44: =IF(OR($C44="",$D44<>"Sim"),"",IF(COUNTIFS(RASTREABILIDADE!$A:$A,"C0",RASTREABILIDADE!$G:$G,$C44,RASTREABILIDADE!$H:$H,"Sim",RASTREABILIDADE!$C:$C,IF(RESUMO!$B$5="Todas","<>",RESUMO!$B$5),RASTREABILIDADE!$B:$B,IF(RESUMO!$B$6="Todas","<>",RESUMO!$B$6))>0,1,0)) | I44: =IF(OR($C44="",$D44<>"Sim"),"",IF(COUNTIFS(RASTREABILIDADE!$A:$A,"C1",RASTREABILIDADE!$G:$G,$C44,RASTREABILIDADE!$H:$H,"Sim",RASTREABILIDADE!$C:$C,IF(RESUMO!$B$5="Todas","<>",RESUMO!$B$5),RASTREABILIDADE!$B:$B,IF(RESUMO!$B$6="Todas","<>",RESUMO!$B$6))>0,1,0)) | J44: =IF(OR($C44="",$D44<>"Sim"),"",IF(COUNTIFS(RASTREABILIDADE!$A:$A,"C2",RASTREABILIDADE!$G:$G,$C44,RASTREABILIDADE!$H:$H,"Sim",RASTREABILIDADE!$C:$C,IF(RESUMO!$B$5="Todas","<>",RESUMO!$B$5),RASTREABILIDADE!$B:$B,IF(RESUMO!$B$6="Todas","<>",RESUMO!$B$6))>0,1,0))
A45: 45 | B45: =IF(GABARITO!$B46="","",IF(COUNTIF(GABARITO!$B$4:$B46,GABARITO!$B46)=1,GABARITO!$B46,"")) | C45: =IF(GABARITO!$G46="","",GABARITO!$G46) | D45: =IF(GABARITO!$J46="","",GABARITO!$J46) | E45: =IFERROR(__xludf.DUMMYFUNCTION("IF($B45="""","""",IF(SUMPRODUCT((RASTREABILIDADE!$A$2:$A$2000=""C0"")*(RASTREABILIDADE!$F$2:$F$2000=""Sim"")*REGEXMATCH(RASTREABILIDADE!$E$2:$E$2000,""(^|[^A-Za-z0-9])""&$B45&""($|[^A-Za-z0-9])"")*(((RESUMO!$B$5=""Todas"")+(RASTREABILIDADE!$C$2:$C$2000=RE"&"SUMO!$B$5))>0)*(((RESUMO!$B$6=""Todas"")+(RASTREABILIDADE!$B$2:$B$2000=RESUMO!$B$6))>0))>0,1,0))"),"") | F45: =IFERROR(__xludf.DUMMYFUNCTION("IF($B45="""","""",IF(SUMPRODUCT((RASTREABILIDADE!$A$2:$A$2000=""C1"")*(RASTREABILIDADE!$F$2:$F$2000=""Sim"")*REGEXMATCH(RASTREABILIDADE!$E$2:$E$2000,""(^|[^A-Za-z0-9])""&$B45&""($|[^A-Za-z0-9])"")*(((RESUMO!$B$5=""Todas"")+(RASTREABILIDADE!$C$2:$C$2000=RE"&"SUMO!$B$5))>0)*(((RESUMO!$B$6=""Todas"")+(RASTREABILIDADE!$B$2:$B$2000=RESUMO!$B$6))>0))>0,1,0))"),"") | G45: =IFERROR(__xludf.DUMMYFUNCTION("IF($B45="""","""",IF(SUMPRODUCT((RASTREABILIDADE!$A$2:$A$2000=""C2"")*(RASTREABILIDADE!$F$2:$F$2000=""Sim"")*REGEXMATCH(RASTREABILIDADE!$E$2:$E$2000,""(^|[^A-Za-z0-9])""&$B45&""($|[^A-Za-z0-9])"")*(((RESUMO!$B$5=""Todas"")+(RASTREABILIDADE!$C$2:$C$2000=RE"&"SUMO!$B$5))>0)*(((RESUMO!$B$6=""Todas"")+(RASTREABILIDADE!$B$2:$B$2000=RESUMO!$B$6))>0))>0,1,0))"),"") | H45: =IF(OR($C45="",$D45<>"Sim"),"",IF(COUNTIFS(RASTREABILIDADE!$A:$A,"C0",RASTREABILIDADE!$G:$G,$C45,RASTREABILIDADE!$H:$H,"Sim",RASTREABILIDADE!$C:$C,IF(RESUMO!$B$5="Todas","<>",RESUMO!$B$5),RASTREABILIDADE!$B:$B,IF(RESUMO!$B$6="Todas","<>",RESUMO!$B$6))>0,1,0)) | I45: =IF(OR($C45="",$D45<>"Sim"),"",IF(COUNTIFS(RASTREABILIDADE!$A:$A,"C1",RASTREABILIDADE!$G:$G,$C45,RASTREABILIDADE!$H:$H,"Sim",RASTREABILIDADE!$C:$C,IF(RESUMO!$B$5="Todas","<>",RESUMO!$B$5),RASTREABILIDADE!$B:$B,IF(RESUMO!$B$6="Todas","<>",RESUMO!$B$6))>0,1,0)) | J45: =IF(OR($C45="",$D45<>"Sim"),"",IF(COUNTIFS(RASTREABILIDADE!$A:$A,"C2",RASTREABILIDADE!$G:$G,$C45,RASTREABILIDADE!$H:$H,"Sim",RASTREABILIDADE!$C:$C,IF(RESUMO!$B$5="Todas","<>",RESUMO!$B$5),RASTREABILIDADE!$B:$B,IF(RESUMO!$B$6="Todas","<>",RESUMO!$B$6))>0,1,0))
A46: 46 | B46: =IF(GABARITO!$B47="","",IF(COUNTIF(GABARITO!$B$4:$B47,GABARITO!$B47)=1,GABARITO!$B47,"")) | C46: =IF(GABARITO!$G47="","",GABARITO!$G47) | D46: =IF(GABARITO!$J47="","",GABARITO!$J47) | E46: =IFERROR(__xludf.DUMMYFUNCTION("IF($B46="""","""",IF(SUMPRODUCT((RASTREABILIDADE!$A$2:$A$2000=""C0"")*(RASTREABILIDADE!$F$2:$F$2000=""Sim"")*REGEXMATCH(RASTREABILIDADE!$E$2:$E$2000,""(^|[^A-Za-z0-9])""&$B46&""($|[^A-Za-z0-9])"")*(((RESUMO!$B$5=""Todas"")+(RASTREABILIDADE!$C$2:$C$2000=RE"&"SUMO!$B$5))>0)*(((RESUMO!$B$6=""Todas"")+(RASTREABILIDADE!$B$2:$B$2000=RESUMO!$B$6))>0))>0,1,0))"),"") | F46: =IFERROR(__xludf.DUMMYFUNCTION("IF($B46="""","""",IF(SUMPRODUCT((RASTREABILIDADE!$A$2:$A$2000=""C1"")*(RASTREABILIDADE!$F$2:$F$2000=""Sim"")*REGEXMATCH(RASTREABILIDADE!$E$2:$E$2000,""(^|[^A-Za-z0-9])""&$B46&""($|[^A-Za-z0-9])"")*(((RESUMO!$B$5=""Todas"")+(RASTREABILIDADE!$C$2:$C$2000=RE"&"SUMO!$B$5))>0)*(((RESUMO!$B$6=""Todas"")+(RASTREABILIDADE!$B$2:$B$2000=RESUMO!$B$6))>0))>0,1,0))"),"") | G46: =IFERROR(__xludf.DUMMYFUNCTION("IF($B46="""","""",IF(SUMPRODUCT((RASTREABILIDADE!$A$2:$A$2000=""C2"")*(RASTREABILIDADE!$F$2:$F$2000=""Sim"")*REGEXMATCH(RASTREABILIDADE!$E$2:$E$2000,""(^|[^A-Za-z0-9])""&$B46&""($|[^A-Za-z0-9])"")*(((RESUMO!$B$5=""Todas"")+(RASTREABILIDADE!$C$2:$C$2000=RE"&"SUMO!$B$5))>0)*(((RESUMO!$B$6=""Todas"")+(RASTREABILIDADE!$B$2:$B$2000=RESUMO!$B$6))>0))>0,1,0))"),"") | H46: =IF(OR($C46="",$D46<>"Sim"),"",IF(COUNTIFS(RASTREABILIDADE!$A:$A,"C0",RASTREABILIDADE!$G:$G,$C46,RASTREABILIDADE!$H:$H,"Sim",RASTREABILIDADE!$C:$C,IF(RESUMO!$B$5="Todas","<>",RESUMO!$B$5),RASTREABILIDADE!$B:$B,IF(RESUMO!$B$6="Todas","<>",RESUMO!$B$6))>0,1,0)) | I46: =IF(OR($C46="",$D46<>"Sim"),"",IF(COUNTIFS(RASTREABILIDADE!$A:$A,"C1",RASTREABILIDADE!$G:$G,$C46,RASTREABILIDADE!$H:$H,"Sim",RASTREABILIDADE!$C:$C,IF(RESUMO!$B$5="Todas","<>",RESUMO!$B$5),RASTREABILIDADE!$B:$B,IF(RESUMO!$B$6="Todas","<>",RESUMO!$B$6))>0,1,0)) | J46: =IF(OR($C46="",$D46<>"Sim"),"",IF(COUNTIFS(RASTREABILIDADE!$A:$A,"C2",RASTREABILIDADE!$G:$G,$C46,RASTREABILIDADE!$H:$H,"Sim",RASTREABILIDADE!$C:$C,IF(RESUMO!$B$5="Todas","<>",RESUMO!$B$5),RASTREABILIDADE!$B:$B,IF(RESUMO!$B$6="Todas","<>",RESUMO!$B$6))>0,1,0))
A47: 47 | B47: =IF(GABARITO!$B48="","",IF(COUNTIF(GABARITO!$B$4:$B48,GABARITO!$B48)=1,GABARITO!$B48,"")) | C47: =IF(GABARITO!$G48="","",GABARITO!$G48) | D47: =IF(GABARITO!$J48="","",GABARITO!$J48) | E47: =IFERROR(__xludf.DUMMYFUNCTION("IF($B47="""","""",IF(SUMPRODUCT((RASTREABILIDADE!$A$2:$A$2000=""C0"")*(RASTREABILIDADE!$F$2:$F$2000=""Sim"")*REGEXMATCH(RASTREABILIDADE!$E$2:$E$2000,""(^|[^A-Za-z0-9])""&$B47&""($|[^A-Za-z0-9])"")*(((RESUMO!$B$5=""Todas"")+(RASTREABILIDADE!$C$2:$C$2000=RE"&"SUMO!$B$5))>0)*(((RESUMO!$B$6=""Todas"")+(RASTREABILIDADE!$B$2:$B$2000=RESUMO!$B$6))>0))>0,1,0))"),"") | F47: =IFERROR(__xludf.DUMMYFUNCTION("IF($B47="""","""",IF(SUMPRODUCT((RASTREABILIDADE!$A$2:$A$2000=""C1"")*(RASTREABILIDADE!$F$2:$F$2000=""Sim"")*REGEXMATCH(RASTREABILIDADE!$E$2:$E$2000,""(^|[^A-Za-z0-9])""&$B47&""($|[^A-Za-z0-9])"")*(((RESUMO!$B$5=""Todas"")+(RASTREABILIDADE!$C$2:$C$2000=RE"&"SUMO!$B$5))>0)*(((RESUMO!$B$6=""Todas"")+(RASTREABILIDADE!$B$2:$B$2000=RESUMO!$B$6))>0))>0,1,0))"),"") | G47: =IFERROR(__xludf.DUMMYFUNCTION("IF($B47="""","""",IF(SUMPRODUCT((RASTREABILIDADE!$A$2:$A$2000=""C2"")*(RASTREABILIDADE!$F$2:$F$2000=""Sim"")*REGEXMATCH(RASTREABILIDADE!$E$2:$E$2000,""(^|[^A-Za-z0-9])""&$B47&""($|[^A-Za-z0-9])"")*(((RESUMO!$B$5=""Todas"")+(RASTREABILIDADE!$C$2:$C$2000=RE"&"SUMO!$B$5))>0)*(((RESUMO!$B$6=""Todas"")+(RASTREABILIDADE!$B$2:$B$2000=RESUMO!$B$6))>0))>0,1,0))"),"") | H47: =IF(OR($C47="",$D47<>"Sim"),"",IF(COUNTIFS(RASTREABILIDADE!$A:$A,"C0",RASTREABILIDADE!$G:$G,$C47,RASTREABILIDADE!$H:$H,"Sim",RASTREABILIDADE!$C:$C,IF(RESUMO!$B$5="Todas","<>",RESUMO!$B$5),RASTREABILIDADE!$B:$B,IF(RESUMO!$B$6="Todas","<>",RESUMO!$B$6))>0,1,0)) | I47: =IF(OR($C47="",$D47<>"Sim"),"",IF(COUNTIFS(RASTREABILIDADE!$A:$A,"C1",RASTREABILIDADE!$G:$G,$C47,RASTREABILIDADE!$H:$H,"Sim",RASTREABILIDADE!$C:$C,IF(RESUMO!$B$5="Todas","<>",RESUMO!$B$5),RASTREABILIDADE!$B:$B,IF(RESUMO!$B$6="Todas","<>",RESUMO!$B$6))>0,1,0)) | J47: =IF(OR($C47="",$D47<>"Sim"),"",IF(COUNTIFS(RASTREABILIDADE!$A:$A,"C2",RASTREABILIDADE!$G:$G,$C47,RASTREABILIDADE!$H:$H,"Sim",RASTREABILIDADE!$C:$C,IF(RESUMO!$B$5="Todas","<>",RESUMO!$B$5),RASTREABILIDADE!$B:$B,IF(RESUMO!$B$6="Todas","<>",RESUMO!$B$6))>0,1,0))
A48: 48 | B48: =IF(GABARITO!$B49="","",IF(COUNTIF(GABARITO!$B$4:$B49,GABARITO!$B49)=1,GABARITO!$B49,"")) | C48: =IF(GABARITO!$G49="","",GABARITO!$G49) | D48: =IF(GABARITO!$J49="","",GABARITO!$J49) | E48: =IFERROR(__xludf.DUMMYFUNCTION("IF($B48="""","""",IF(SUMPRODUCT((RASTREABILIDADE!$A$2:$A$2000=""C0"")*(RASTREABILIDADE!$F$2:$F$2000=""Sim"")*REGEXMATCH(RASTREABILIDADE!$E$2:$E$2000,""(^|[^A-Za-z0-9])""&$B48&""($|[^A-Za-z0-9])"")*(((RESUMO!$B$5=""Todas"")+(RASTREABILIDADE!$C$2:$C$2000=RE"&"SUMO!$B$5))>0)*(((RESUMO!$B$6=""Todas"")+(RASTREABILIDADE!$B$2:$B$2000=RESUMO!$B$6))>0))>0,1,0))"),"") | F48: =IFERROR(__xludf.DUMMYFUNCTION("IF($B48="""","""",IF(SUMPRODUCT((RASTREABILIDADE!$A$2:$A$2000=""C1"")*(RASTREABILIDADE!$F$2:$F$2000=""Sim"")*REGEXMATCH(RASTREABILIDADE!$E$2:$E$2000,""(^|[^A-Za-z0-9])""&$B48&""($|[^A-Za-z0-9])"")*(((RESUMO!$B$5=""Todas"")+(RASTREABILIDADE!$C$2:$C$2000=RE"&"SUMO!$B$5))>0)*(((RESUMO!$B$6=""Todas"")+(RASTREABILIDADE!$B$2:$B$2000=RESUMO!$B$6))>0))>0,1,0))"),"") | G48: =IFERROR(__xludf.DUMMYFUNCTION("IF($B48="""","""",IF(SUMPRODUCT((RASTREABILIDADE!$A$2:$A$2000=""C2"")*(RASTREABILIDADE!$F$2:$F$2000=""Sim"")*REGEXMATCH(RASTREABILIDADE!$E$2:$E$2000,""(^|[^A-Za-z0-9])""&$B48&""($|[^A-Za-z0-9])"")*(((RESUMO!$B$5=""Todas"")+(RASTREABILIDADE!$C$2:$C$2000=RE"&"SUMO!$B$5))>0)*(((RESUMO!$B$6=""Todas"")+(RASTREABILIDADE!$B$2:$B$2000=RESUMO!$B$6))>0))>0,1,0))"),"") | H48: =IF(OR($C48="",$D48<>"Sim"),"",IF(COUNTIFS(RASTREABILIDADE!$A:$A,"C0",RASTREABILIDADE!$G:$G,$C48,RASTREABILIDADE!$H:$H,"Sim",RASTREABILIDADE!$C:$C,IF(RESUMO!$B$5="Todas","<>",RESUMO!$B$5),RASTREABILIDADE!$B:$B,IF(RESUMO!$B$6="Todas","<>",RESUMO!$B$6))>0,1,0)) | I48: =IF(OR($C48="",$D48<>"Sim"),"",IF(COUNTIFS(RASTREABILIDADE!$A:$A,"C1",RASTREABILIDADE!$G:$G,$C48,RASTREABILIDADE!$H:$H,"Sim",RASTREABILIDADE!$C:$C,IF(RESUMO!$B$5="Todas","<>",RESUMO!$B$5),RASTREABILIDADE!$B:$B,IF(RESUMO!$B$6="Todas","<>",RESUMO!$B$6))>0,1,0)) | J48: =IF(OR($C48="",$D48<>"Sim"),"",IF(COUNTIFS(RASTREABILIDADE!$A:$A,"C2",RASTREABILIDADE!$G:$G,$C48,RASTREABILIDADE!$H:$H,"Sim",RASTREABILIDADE!$C:$C,IF(RESUMO!$B$5="Todas","<>",RESUMO!$B$5),RASTREABILIDADE!$B:$B,IF(RESUMO!$B$6="Todas","<>",RESUMO!$B$6))>0,1,0))
A49: 49 | B49: =IF(GABARITO!$B50="","",IF(COUNTIF(GABARITO!$B$4:$B50,GABARITO!$B50)=1,GABARITO!$B50,"")) | C49: =IF(GABARITO!$G50="","",GABARITO!$G50) | D49: =IF(GABARITO!$J50="","",GABARITO!$J50) | E49: =IFERROR(__xludf.DUMMYFUNCTION("IF($B49="""","""",IF(SUMPRODUCT((RASTREABILIDADE!$A$2:$A$2000=""C0"")*(RASTREABILIDADE!$F$2:$F$2000=""Sim"")*REGEXMATCH(RASTREABILIDADE!$E$2:$E$2000,""(^|[^A-Za-z0-9])""&$B49&""($|[^A-Za-z0-9])"")*(((RESUMO!$B$5=""Todas"")+(RASTREABILIDADE!$C$2:$C$2000=RE"&"SUMO!$B$5))>0)*(((RESUMO!$B$6=""Todas"")+(RASTREABILIDADE!$B$2:$B$2000=RESUMO!$B$6))>0))>0,1,0))"),"") | F49: =IFERROR(__xludf.DUMMYFUNCTION("IF($B49="""","""",IF(SUMPRODUCT((RASTREABILIDADE!$A$2:$A$2000=""C1"")*(RASTREABILIDADE!$F$2:$F$2000=""Sim"")*REGEXMATCH(RASTREABILIDADE!$E$2:$E$2000,""(^|[^A-Za-z0-9])""&$B49&""($|[^A-Za-z0-9])"")*(((RESUMO!$B$5=""Todas"")+(RASTREABILIDADE!$C$2:$C$2000=RE"&"SUMO!$B$5))>0)*(((RESUMO!$B$6=""Todas"")+(RASTREABILIDADE!$B$2:$B$2000=RESUMO!$B$6))>0))>0,1,0))"),"") | G49: =IFERROR(__xludf.DUMMYFUNCTION("IF($B49="""","""",IF(SUMPRODUCT((RASTREABILIDADE!$A$2:$A$2000=""C2"")*(RASTREABILIDADE!$F$2:$F$2000=""Sim"")*REGEXMATCH(RASTREABILIDADE!$E$2:$E$2000,""(^|[^A-Za-z0-9])""&$B49&""($|[^A-Za-z0-9])"")*(((RESUMO!$B$5=""Todas"")+(RASTREABILIDADE!$C$2:$C$2000=RE"&"SUMO!$B$5))>0)*(((RESUMO!$B$6=""Todas"")+(RASTREABILIDADE!$B$2:$B$2000=RESUMO!$B$6))>0))>0,1,0))"),"") | H49: =IF(OR($C49="",$D49<>"Sim"),"",IF(COUNTIFS(RASTREABILIDADE!$A:$A,"C0",RASTREABILIDADE!$G:$G,$C49,RASTREABILIDADE!$H:$H,"Sim",RASTREABILIDADE!$C:$C,IF(RESUMO!$B$5="Todas","<>",RESUMO!$B$5),RASTREABILIDADE!$B:$B,IF(RESUMO!$B$6="Todas","<>",RESUMO!$B$6))>0,1,0)) | I49: =IF(OR($C49="",$D49<>"Sim"),"",IF(COUNTIFS(RASTREABILIDADE!$A:$A,"C1",RASTREABILIDADE!$G:$G,$C49,RASTREABILIDADE!$H:$H,"Sim",RASTREABILIDADE!$C:$C,IF(RESUMO!$B$5="Todas","<>",RESUMO!$B$5),RASTREABILIDADE!$B:$B,IF(RESUMO!$B$6="Todas","<>",RESUMO!$B$6))>0,1,0)) | J49: =IF(OR($C49="",$D49<>"Sim"),"",IF(COUNTIFS(RASTREABILIDADE!$A:$A,"C2",RASTREABILIDADE!$G:$G,$C49,RASTREABILIDADE!$H:$H,"Sim",RASTREABILIDADE!$C:$C,IF(RESUMO!$B$5="Todas","<>",RESUMO!$B$5),RASTREABILIDADE!$B:$B,IF(RESUMO!$B$6="Todas","<>",RESUMO!$B$6))>0,1,0))
A50: 50 | B50: =IF(GABARITO!$B51="","",IF(COUNTIF(GABARITO!$B$4:$B51,GABARITO!$B51)=1,GABARITO!$B51,"")) | C50: =IF(GABARITO!$G51="","",GABARITO!$G51) | D50: =IF(GABARITO!$J51="","",GABARITO!$J51) | E50: =IFERROR(__xludf.DUMMYFUNCTION("IF($B50="""","""",IF(SUMPRODUCT((RASTREABILIDADE!$A$2:$A$2000=""C0"")*(RASTREABILIDADE!$F$2:$F$2000=""Sim"")*REGEXMATCH(RASTREABILIDADE!$E$2:$E$2000,""(^|[^A-Za-z0-9])""&$B50&""($|[^A-Za-z0-9])"")*(((RESUMO!$B$5=""Todas"")+(RASTREABILIDADE!$C$2:$C$2000=RE"&"SUMO!$B$5))>0)*(((RESUMO!$B$6=""Todas"")+(RASTREABILIDADE!$B$2:$B$2000=RESUMO!$B$6))>0))>0,1,0))"),"") | F50: =IFERROR(__xludf.DUMMYFUNCTION("IF($B50="""","""",IF(SUMPRODUCT((RASTREABILIDADE!$A$2:$A$2000=""C1"")*(RASTREABILIDADE!$F$2:$F$2000=""Sim"")*REGEXMATCH(RASTREABILIDADE!$E$2:$E$2000,""(^|[^A-Za-z0-9])""&$B50&""($|[^A-Za-z0-9])"")*(((RESUMO!$B$5=""Todas"")+(RASTREABILIDADE!$C$2:$C$2000=RE"&"SUMO!$B$5))>0)*(((RESUMO!$B$6=""Todas"")+(RASTREABILIDADE!$B$2:$B$2000=RESUMO!$B$6))>0))>0,1,0))"),"") | G50: =IFERROR(__xludf.DUMMYFUNCTION("IF($B50="""","""",IF(SUMPRODUCT((RASTREABILIDADE!$A$2:$A$2000=""C2"")*(RASTREABILIDADE!$F$2:$F$2000=""Sim"")*REGEXMATCH(RASTREABILIDADE!$E$2:$E$2000,""(^|[^A-Za-z0-9])""&$B50&""($|[^A-Za-z0-9])"")*(((RESUMO!$B$5=""Todas"")+(RASTREABILIDADE!$C$2:$C$2000=RE"&"SUMO!$B$5))>0)*(((RESUMO!$B$6=""Todas"")+(RASTREABILIDADE!$B$2:$B$2000=RESUMO!$B$6))>0))>0,1,0))"),"") | H50: =IF(OR($C50="",$D50<>"Sim"),"",IF(COUNTIFS(RASTREABILIDADE!$A:$A,"C0",RASTREABILIDADE!$G:$G,$C50,RASTREABILIDADE!$H:$H,"Sim",RASTREABILIDADE!$C:$C,IF(RESUMO!$B$5="Todas","<>",RESUMO!$B$5),RASTREABILIDADE!$B:$B,IF(RESUMO!$B$6="Todas","<>",RESUMO!$B$6))>0,1,0)) | I50: =IF(OR($C50="",$D50<>"Sim"),"",IF(COUNTIFS(RASTREABILIDADE!$A:$A,"C1",RASTREABILIDADE!$G:$G,$C50,RASTREABILIDADE!$H:$H,"Sim",RASTREABILIDADE!$C:$C,IF(RESUMO!$B$5="Todas","<>",RESUMO!$B$5),RASTREABILIDADE!$B:$B,IF(RESUMO!$B$6="Todas","<>",RESUMO!$B$6))>0,1,0)) | J50: =IF(OR($C50="",$D50<>"Sim"),"",IF(COUNTIFS(RASTREABILIDADE!$A:$A,"C2",RASTREABILIDADE!$G:$G,$C50,RASTREABILIDADE!$H:$H,"Sim",RASTREABILIDADE!$C:$C,IF(RESUMO!$B$5="Todas","<>",RESUMO!$B$5),RASTREABILIDADE!$B:$B,IF(RESUMO!$B$6="Todas","<>",RESUMO!$B$6))>0,1,0))
A51: 51 | B51: =IF(GABARITO!$B52="","",IF(COUNTIF(GABARITO!$B$4:$B52,GABARITO!$B52)=1,GABARITO!$B52,"")) | C51: =IF(GABARITO!$G52="","",GABARITO!$G52) | D51: =IF(GABARITO!$J52="","",GABARITO!$J52) | E51: =IFERROR(__xludf.DUMMYFUNCTION("IF($B51="""","""",IF(SUMPRODUCT((RASTREABILIDADE!$A$2:$A$2000=""C0"")*(RASTREABILIDADE!$F$2:$F$2000=""Sim"")*REGEXMATCH(RASTREABILIDADE!$E$2:$E$2000,""(^|[^A-Za-z0-9])""&$B51&""($|[^A-Za-z0-9])"")*(((RESUMO!$B$5=""Todas"")+(RASTREABILIDADE!$C$2:$C$2000=RE"&"SUMO!$B$5))>0)*(((RESUMO!$B$6=""Todas"")+(RASTREABILIDADE!$B$2:$B$2000=RESUMO!$B$6))>0))>0,1,0))"),"") | F51: =IFERROR(__xludf.DUMMYFUNCTION("IF($B51="""","""",IF(SUMPRODUCT((RASTREABILIDADE!$A$2:$A$2000=""C1"")*(RASTREABILIDADE!$F$2:$F$2000=""Sim"")*REGEXMATCH(RASTREABILIDADE!$E$2:$E$2000,""(^|[^A-Za-z0-9])""&$B51&""($|[^A-Za-z0-9])"")*(((RESUMO!$B$5=""Todas"")+(RASTREABILIDADE!$C$2:$C$2000=RE"&"SUMO!$B$5))>0)*(((RESUMO!$B$6=""Todas"")+(RASTREABILIDADE!$B$2:$B$2000=RESUMO!$B$6))>0))>0,1,0))"),"") | G51: =IFERROR(__xludf.DUMMYFUNCTION("IF($B51="""","""",IF(SUMPRODUCT((RASTREABILIDADE!$A$2:$A$2000=""C2"")*(RASTREABILIDADE!$F$2:$F$2000=""Sim"")*REGEXMATCH(RASTREABILIDADE!$E$2:$E$2000,""(^|[^A-Za-z0-9])""&$B51&""($|[^A-Za-z0-9])"")*(((RESUMO!$B$5=""Todas"")+(RASTREABILIDADE!$C$2:$C$2000=RE"&"SUMO!$B$5))>0)*(((RESUMO!$B$6=""Todas"")+(RASTREABILIDADE!$B$2:$B$2000=RESUMO!$B$6))>0))>0,1,0))"),"") | H51: =IF(OR($C51="",$D51<>"Sim"),"",IF(COUNTIFS(RASTREABILIDADE!$A:$A,"C0",RASTREABILIDADE!$G:$G,$C51,RASTREABILIDADE!$H:$H,"Sim",RASTREABILIDADE!$C:$C,IF(RESUMO!$B$5="Todas","<>",RESUMO!$B$5),RASTREABILIDADE!$B:$B,IF(RESUMO!$B$6="Todas","<>",RESUMO!$B$6))>0,1,0)) | I51: =IF(OR($C51="",$D51<>"Sim"),"",IF(COUNTIFS(RASTREABILIDADE!$A:$A,"C1",RASTREABILIDADE!$G:$G,$C51,RASTREABILIDADE!$H:$H,"Sim",RASTREABILIDADE!$C:$C,IF(RESUMO!$B$5="Todas","<>",RESUMO!$B$5),RASTREABILIDADE!$B:$B,IF(RESUMO!$B$6="Todas","<>",RESUMO!$B$6))>0,1,0)) | J51: =IF(OR($C51="",$D51<>"Sim"),"",IF(COUNTIFS(RASTREABILIDADE!$A:$A,"C2",RASTREABILIDADE!$G:$G,$C51,RASTREABILIDADE!$H:$H,"Sim",RASTREABILIDADE!$C:$C,IF(RESUMO!$B$5="Todas","<>",RESUMO!$B$5),RASTREABILIDADE!$B:$B,IF(RESUMO!$B$6="Todas","<>",RESUMO!$B$6))>0,1,0))
A52: 52 | B52: =IF(GABARITO!$B53="","",IF(COUNTIF(GABARITO!$B$4:$B53,GABARITO!$B53)=1,GABARITO!$B53,"")) | C52: =IF(GABARITO!$G53="","",GABARITO!$G53) | D52: =IF(GABARITO!$J53="","",GABARITO!$J53) | E52: =IFERROR(__xludf.DUMMYFUNCTION("IF($B52="""","""",IF(SUMPRODUCT((RASTREABILIDADE!$A$2:$A$2000=""C0"")*(RASTREABILIDADE!$F$2:$F$2000=""Sim"")*REGEXMATCH(RASTREABILIDADE!$E$2:$E$2000,""(^|[^A-Za-z0-9])""&$B52&""($|[^A-Za-z0-9])"")*(((RESUMO!$B$5=""Todas"")+(RASTREABILIDADE!$C$2:$C$2000=RE"&"SUMO!$B$5))>0)*(((RESUMO!$B$6=""Todas"")+(RASTREABILIDADE!$B$2:$B$2000=RESUMO!$B$6))>0))>0,1,0))"),"") | F52: =IFERROR(__xludf.DUMMYFUNCTION("IF($B52="""","""",IF(SUMPRODUCT((RASTREABILIDADE!$A$2:$A$2000=""C1"")*(RASTREABILIDADE!$F$2:$F$2000=""Sim"")*REGEXMATCH(RASTREABILIDADE!$E$2:$E$2000,""(^|[^A-Za-z0-9])""&$B52&""($|[^A-Za-z0-9])"")*(((RESUMO!$B$5=""Todas"")+(RASTREABILIDADE!$C$2:$C$2000=RE"&"SUMO!$B$5))>0)*(((RESUMO!$B$6=""Todas"")+(RASTREABILIDADE!$B$2:$B$2000=RESUMO!$B$6))>0))>0,1,0))"),"") | G52: =IFERROR(__xludf.DUMMYFUNCTION("IF($B52="""","""",IF(SUMPRODUCT((RASTREABILIDADE!$A$2:$A$2000=""C2"")*(RASTREABILIDADE!$F$2:$F$2000=""Sim"")*REGEXMATCH(RASTREABILIDADE!$E$2:$E$2000,""(^|[^A-Za-z0-9])""&$B52&""($|[^A-Za-z0-9])"")*(((RESUMO!$B$5=""Todas"")+(RASTREABILIDADE!$C$2:$C$2000=RE"&"SUMO!$B$5))>0)*(((RESUMO!$B$6=""Todas"")+(RASTREABILIDADE!$B$2:$B$2000=RESUMO!$B$6))>0))>0,1,0))"),"") | H52: =IF(OR($C52="",$D52<>"Sim"),"",IF(COUNTIFS(RASTREABILIDADE!$A:$A,"C0",RASTREABILIDADE!$G:$G,$C52,RASTREABILIDADE!$H:$H,"Sim",RASTREABILIDADE!$C:$C,IF(RESUMO!$B$5="Todas","<>",RESUMO!$B$5),RASTREABILIDADE!$B:$B,IF(RESUMO!$B$6="Todas","<>",RESUMO!$B$6))>0,1,0)) | I52: =IF(OR($C52="",$D52<>"Sim"),"",IF(COUNTIFS(RASTREABILIDADE!$A:$A,"C1",RASTREABILIDADE!$G:$G,$C52,RASTREABILIDADE!$H:$H,"Sim",RASTREABILIDADE!$C:$C,IF(RESUMO!$B$5="Todas","<>",RESUMO!$B$5),RASTREABILIDADE!$B:$B,IF(RESUMO!$B$6="Todas","<>",RESUMO!$B$6))>0,1,0)) | J52: =IF(OR($C52="",$D52<>"Sim"),"",IF(COUNTIFS(RASTREABILIDADE!$A:$A,"C2",RASTREABILIDADE!$G:$G,$C52,RASTREABILIDADE!$H:$H,"Sim",RASTREABILIDADE!$C:$C,IF(RESUMO!$B$5="Todas","<>",RESUMO!$B$5),RASTREABILIDADE!$B:$B,IF(RESUMO!$B$6="Todas","<>",RESUMO!$B$6))>0,1,0))
A53: 53 | B53: =IF(GABARITO!$B54="","",IF(COUNTIF(GABARITO!$B$4:$B54,GABARITO!$B54)=1,GABARITO!$B54,"")) | C53: =IF(GABARITO!$G54="","",GABARITO!$G54) | D53: =IF(GABARITO!$J54="","",GABARITO!$J54) | E53: =IFERROR(__xludf.DUMMYFUNCTION("IF($B53="""","""",IF(SUMPRODUCT((RASTREABILIDADE!$A$2:$A$2000=""C0"")*(RASTREABILIDADE!$F$2:$F$2000=""Sim"")*REGEXMATCH(RASTREABILIDADE!$E$2:$E$2000,""(^|[^A-Za-z0-9])""&$B53&""($|[^A-Za-z0-9])"")*(((RESUMO!$B$5=""Todas"")+(RASTREABILIDADE!$C$2:$C$2000=RE"&"SUMO!$B$5))>0)*(((RESUMO!$B$6=""Todas"")+(RASTREABILIDADE!$B$2:$B$2000=RESUMO!$B$6))>0))>0,1,0))"),"") | F53: =IFERROR(__xludf.DUMMYFUNCTION("IF($B53="""","""",IF(SUMPRODUCT((RASTREABILIDADE!$A$2:$A$2000=""C1"")*(RASTREABILIDADE!$F$2:$F$2000=""Sim"")*REGEXMATCH(RASTREABILIDADE!$E$2:$E$2000,""(^|[^A-Za-z0-9])""&$B53&""($|[^A-Za-z0-9])"")*(((RESUMO!$B$5=""Todas"")+(RASTREABILIDADE!$C$2:$C$2000=RE"&"SUMO!$B$5))>0)*(((RESUMO!$B$6=""Todas"")+(RASTREABILIDADE!$B$2:$B$2000=RESUMO!$B$6))>0))>0,1,0))"),"") | G53: =IFERROR(__xludf.DUMMYFUNCTION("IF($B53="""","""",IF(SUMPRODUCT((RASTREABILIDADE!$A$2:$A$2000=""C2"")*(RASTREABILIDADE!$F$2:$F$2000=""Sim"")*REGEXMATCH(RASTREABILIDADE!$E$2:$E$2000,""(^|[^A-Za-z0-9])""&$B53&""($|[^A-Za-z0-9])"")*(((RESUMO!$B$5=""Todas"")+(RASTREABILIDADE!$C$2:$C$2000=RE"&"SUMO!$B$5))>0)*(((RESUMO!$B$6=""Todas"")+(RASTREABILIDADE!$B$2:$B$2000=RESUMO!$B$6))>0))>0,1,0))"),"") | H53: =IF(OR($C53="",$D53<>"Sim"),"",IF(COUNTIFS(RASTREABILIDADE!$A:$A,"C0",RASTREABILIDADE!$G:$G,$C53,RASTREABILIDADE!$H:$H,"Sim",RASTREABILIDADE!$C:$C,IF(RESUMO!$B$5="Todas","<>",RESUMO!$B$5),RASTREABILIDADE!$B:$B,IF(RESUMO!$B$6="Todas","<>",RESUMO!$B$6))>0,1,0)) | I53: =IF(OR($C53="",$D53<>"Sim"),"",IF(COUNTIFS(RASTREABILIDADE!$A:$A,"C1",RASTREABILIDADE!$G:$G,$C53,RASTREABILIDADE!$H:$H,"Sim",RASTREABILIDADE!$C:$C,IF(RESUMO!$B$5="Todas","<>",RESUMO!$B$5),RASTREABILIDADE!$B:$B,IF(RESUMO!$B$6="Todas","<>",RESUMO!$B$6))>0,1,0)) | J53: =IF(OR($C53="",$D53<>"Sim"),"",IF(COUNTIFS(RASTREABILIDADE!$A:$A,"C2",RASTREABILIDADE!$G:$G,$C53,RASTREABILIDADE!$H:$H,"Sim",RASTREABILIDADE!$C:$C,IF(RESUMO!$B$5="Todas","<>",RESUMO!$B$5),RASTREABILIDADE!$B:$B,IF(RESUMO!$B$6="Todas","<>",RESUMO!$B$6))>0,1,0))
A54: 54 | B54: =IF(GABARITO!$B55="","",IF(COUNTIF(GABARITO!$B$4:$B55,GABARITO!$B55)=1,GABARITO!$B55,"")) | C54: =IF(GABARITO!$G55="","",GABARITO!$G55) | D54: =IF(GABARITO!$J55="","",GABARITO!$J55) | E54: =IFERROR(__xludf.DUMMYFUNCTION("IF($B54="""","""",IF(SUMPRODUCT((RASTREABILIDADE!$A$2:$A$2000=""C0"")*(RASTREABILIDADE!$F$2:$F$2000=""Sim"")*REGEXMATCH(RASTREABILIDADE!$E$2:$E$2000,""(^|[^A-Za-z0-9])""&$B54&""($|[^A-Za-z0-9])"")*(((RESUMO!$B$5=""Todas"")+(RASTREABILIDADE!$C$2:$C$2000=RE"&"SUMO!$B$5))>0)*(((RESUMO!$B$6=""Todas"")+(RASTREABILIDADE!$B$2:$B$2000=RESUMO!$B$6))>0))>0,1,0))"),"") | F54: =IFERROR(__xludf.DUMMYFUNCTION("IF($B54="""","""",IF(SUMPRODUCT((RASTREABILIDADE!$A$2:$A$2000=""C1"")*(RASTREABILIDADE!$F$2:$F$2000=""Sim"")*REGEXMATCH(RASTREABILIDADE!$E$2:$E$2000,""(^|[^A-Za-z0-9])""&$B54&""($|[^A-Za-z0-9])"")*(((RESUMO!$B$5=""Todas"")+(RASTREABILIDADE!$C$2:$C$2000=RE"&"SUMO!$B$5))>0)*(((RESUMO!$B$6=""Todas"")+(RASTREABILIDADE!$B$2:$B$2000=RESUMO!$B$6))>0))>0,1,0))"),"") | G54: =IFERROR(__xludf.DUMMYFUNCTION("IF($B54="""","""",IF(SUMPRODUCT((RASTREABILIDADE!$A$2:$A$2000=""C2"")*(RASTREABILIDADE!$F$2:$F$2000=""Sim"")*REGEXMATCH(RASTREABILIDADE!$E$2:$E$2000,""(^|[^A-Za-z0-9])""&$B54&""($|[^A-Za-z0-9])"")*(((RESUMO!$B$5=""Todas"")+(RASTREABILIDADE!$C$2:$C$2000=RE"&"SUMO!$B$5))>0)*(((RESUMO!$B$6=""Todas"")+(RASTREABILIDADE!$B$2:$B$2000=RESUMO!$B$6))>0))>0,1,0))"),"") | H54: =IF(OR($C54="",$D54<>"Sim"),"",IF(COUNTIFS(RASTREABILIDADE!$A:$A,"C0",RASTREABILIDADE!$G:$G,$C54,RASTREABILIDADE!$H:$H,"Sim",RASTREABILIDADE!$C:$C,IF(RESUMO!$B$5="Todas","<>",RESUMO!$B$5),RASTREABILIDADE!$B:$B,IF(RESUMO!$B$6="Todas","<>",RESUMO!$B$6))>0,1,0)) | I54: =IF(OR($C54="",$D54<>"Sim"),"",IF(COUNTIFS(RASTREABILIDADE!$A:$A,"C1",RASTREABILIDADE!$G:$G,$C54,RASTREABILIDADE!$H:$H,"Sim",RASTREABILIDADE!$C:$C,IF(RESUMO!$B$5="Todas","<>",RESUMO!$B$5),RASTREABILIDADE!$B:$B,IF(RESUMO!$B$6="Todas","<>",RESUMO!$B$6))>0,1,0)) | J54: =IF(OR($C54="",$D54<>"Sim"),"",IF(COUNTIFS(RASTREABILIDADE!$A:$A,"C2",RASTREABILIDADE!$G:$G,$C54,RASTREABILIDADE!$H:$H,"Sim",RASTREABILIDADE!$C:$C,IF(RESUMO!$B$5="Todas","<>",RESUMO!$B$5),RASTREABILIDADE!$B:$B,IF(RESUMO!$B$6="Todas","<>",RESUMO!$B$6))>0,1,0))
A55: 55 | B55: =IF(GABARITO!$B56="","",IF(COUNTIF(GABARITO!$B$4:$B56,GABARITO!$B56)=1,GABARITO!$B56,"")) | C55: =IF(GABARITO!$G56="","",GABARITO!$G56) | D55: =IF(GABARITO!$J56="","",GABARITO!$J56) | E55: =IFERROR(__xludf.DUMMYFUNCTION("IF($B55="""","""",IF(SUMPRODUCT((RASTREABILIDADE!$A$2:$A$2000=""C0"")*(RASTREABILIDADE!$F$2:$F$2000=""Sim"")*REGEXMATCH(RASTREABILIDADE!$E$2:$E$2000,""(^|[^A-Za-z0-9])""&$B55&""($|[^A-Za-z0-9])"")*(((RESUMO!$B$5=""Todas"")+(RASTREABILIDADE!$C$2:$C$2000=RE"&"SUMO!$B$5))>0)*(((RESUMO!$B$6=""Todas"")+(RASTREABILIDADE!$B$2:$B$2000=RESUMO!$B$6))>0))>0,1,0))"),"") | F55: =IFERROR(__xludf.DUMMYFUNCTION("IF($B55="""","""",IF(SUMPRODUCT((RASTREABILIDADE!$A$2:$A$2000=""C1"")*(RASTREABILIDADE!$F$2:$F$2000=""Sim"")*REGEXMATCH(RASTREABILIDADE!$E$2:$E$2000,""(^|[^A-Za-z0-9])""&$B55&""($|[^A-Za-z0-9])"")*(((RESUMO!$B$5=""Todas"")+(RASTREABILIDADE!$C$2:$C$2000=RE"&"SUMO!$B$5))>0)*(((RESUMO!$B$6=""Todas"")+(RASTREABILIDADE!$B$2:$B$2000=RESUMO!$B$6))>0))>0,1,0))"),"") | G55: =IFERROR(__xludf.DUMMYFUNCTION("IF($B55="""","""",IF(SUMPRODUCT((RASTREABILIDADE!$A$2:$A$2000=""C2"")*(RASTREABILIDADE!$F$2:$F$2000=""Sim"")*REGEXMATCH(RASTREABILIDADE!$E$2:$E$2000,""(^|[^A-Za-z0-9])""&$B55&""($|[^A-Za-z0-9])"")*(((RESUMO!$B$5=""Todas"")+(RASTREABILIDADE!$C$2:$C$2000=RE"&"SUMO!$B$5))>0)*(((RESUMO!$B$6=""Todas"")+(RASTREABILIDADE!$B$2:$B$2000=RESUMO!$B$6))>0))>0,1,0))"),"") | H55: =IF(OR($C55="",$D55<>"Sim"),"",IF(COUNTIFS(RASTREABILIDADE!$A:$A,"C0",RASTREABILIDADE!$G:$G,$C55,RASTREABILIDADE!$H:$H,"Sim",RASTREABILIDADE!$C:$C,IF(RESUMO!$B$5="Todas","<>",RESUMO!$B$5),RASTREABILIDADE!$B:$B,IF(RESUMO!$B$6="Todas","<>",RESUMO!$B$6))>0,1,0)) | I55: =IF(OR($C55="",$D55<>"Sim"),"",IF(COUNTIFS(RASTREABILIDADE!$A:$A,"C1",RASTREABILIDADE!$G:$G,$C55,RASTREABILIDADE!$H:$H,"Sim",RASTREABILIDADE!$C:$C,IF(RESUMO!$B$5="Todas","<>",RESUMO!$B$5),RASTREABILIDADE!$B:$B,IF(RESUMO!$B$6="Todas","<>",RESUMO!$B$6))>0,1,0)) | J55: =IF(OR($C55="",$D55<>"Sim"),"",IF(COUNTIFS(RASTREABILIDADE!$A:$A,"C2",RASTREABILIDADE!$G:$G,$C55,RASTREABILIDADE!$H:$H,"Sim",RASTREABILIDADE!$C:$C,IF(RESUMO!$B$5="Todas","<>",RESUMO!$B$5),RASTREABILIDADE!$B:$B,IF(RESUMO!$B$6="Todas","<>",RESUMO!$B$6))>0,1,0))
A56: 56 | B56: =IF(GABARITO!$B57="","",IF(COUNTIF(GABARITO!$B$4:$B57,GABARITO!$B57)=1,GABARITO!$B57,"")) | C56: =IF(GABARITO!$G57="","",GABARITO!$G57) | D56: =IF(GABARITO!$J57="","",GABARITO!$J57) | E56: =IFERROR(__xludf.DUMMYFUNCTION("IF($B56="""","""",IF(SUMPRODUCT((RASTREABILIDADE!$A$2:$A$2000=""C0"")*(RASTREABILIDADE!$F$2:$F$2000=""Sim"")*REGEXMATCH(RASTREABILIDADE!$E$2:$E$2000,""(^|[^A-Za-z0-9])""&$B56&""($|[^A-Za-z0-9])"")*(((RESUMO!$B$5=""Todas"")+(RASTREABILIDADE!$C$2:$C$2000=RE"&"SUMO!$B$5))>0)*(((RESUMO!$B$6=""Todas"")+(RASTREABILIDADE!$B$2:$B$2000=RESUMO!$B$6))>0))>0,1,0))"),"") | F56: =IFERROR(__xludf.DUMMYFUNCTION("IF($B56="""","""",IF(SUMPRODUCT((RASTREABILIDADE!$A$2:$A$2000=""C1"")*(RASTREABILIDADE!$F$2:$F$2000=""Sim"")*REGEXMATCH(RASTREABILIDADE!$E$2:$E$2000,""(^|[^A-Za-z0-9])""&$B56&""($|[^A-Za-z0-9])"")*(((RESUMO!$B$5=""Todas"")+(RASTREABILIDADE!$C$2:$C$2000=RE"&"SUMO!$B$5))>0)*(((RESUMO!$B$6=""Todas"")+(RASTREABILIDADE!$B$2:$B$2000=RESUMO!$B$6))>0))>0,1,0))"),"") | G56: =IFERROR(__xludf.DUMMYFUNCTION("IF($B56="""","""",IF(SUMPRODUCT((RASTREABILIDADE!$A$2:$A$2000=""C2"")*(RASTREABILIDADE!$F$2:$F$2000=""Sim"")*REGEXMATCH(RASTREABILIDADE!$E$2:$E$2000,""(^|[^A-Za-z0-9])""&$B56&""($|[^A-Za-z0-9])"")*(((RESUMO!$B$5=""Todas"")+(RASTREABILIDADE!$C$2:$C$2000=RE"&"SUMO!$B$5))>0)*(((RESUMO!$B$6=""Todas"")+(RASTREABILIDADE!$B$2:$B$2000=RESUMO!$B$6))>0))>0,1,0))"),"") | H56: =IF(OR($C56="",$D56<>"Sim"),"",IF(COUNTIFS(RASTREABILIDADE!$A:$A,"C0",RASTREABILIDADE!$G:$G,$C56,RASTREABILIDADE!$H:$H,"Sim",RASTREABILIDADE!$C:$C,IF(RESUMO!$B$5="Todas","<>",RESUMO!$B$5),RASTREABILIDADE!$B:$B,IF(RESUMO!$B$6="Todas","<>",RESUMO!$B$6))>0,1,0)) | I56: =IF(OR($C56="",$D56<>"Sim"),"",IF(COUNTIFS(RASTREABILIDADE!$A:$A,"C1",RASTREABILIDADE!$G:$G,$C56,RASTREABILIDADE!$H:$H,"Sim",RASTREABILIDADE!$C:$C,IF(RESUMO!$B$5="Todas","<>",RESUMO!$B$5),RASTREABILIDADE!$B:$B,IF(RESUMO!$B$6="Todas","<>",RESUMO!$B$6))>0,1,0)) | J56: =IF(OR($C56="",$D56<>"Sim"),"",IF(COUNTIFS(RASTREABILIDADE!$A:$A,"C2",RASTREABILIDADE!$G:$G,$C56,RASTREABILIDADE!$H:$H,"Sim",RASTREABILIDADE!$C:$C,IF(RESUMO!$B$5="Todas","<>",RESUMO!$B$5),RASTREABILIDADE!$B:$B,IF(RESUMO!$B$6="Todas","<>",RESUMO!$B$6))>0,1,0))
A57: 57 | B57: =IF(GABARITO!$B58="","",IF(COUNTIF(GABARITO!$B$4:$B58,GABARITO!$B58)=1,GABARITO!$B58,"")) | C57: =IF(GABARITO!$G58="","",GABARITO!$G58) | D57: =IF(GABARITO!$J58="","",GABARITO!$J58) | E57: =IFERROR(__xludf.DUMMYFUNCTION("IF($B57="""","""",IF(SUMPRODUCT((RASTREABILIDADE!$A$2:$A$2000=""C0"")*(RASTREABILIDADE!$F$2:$F$2000=""Sim"")*REGEXMATCH(RASTREABILIDADE!$E$2:$E$2000,""(^|[^A-Za-z0-9])""&$B57&""($|[^A-Za-z0-9])"")*(((RESUMO!$B$5=""Todas"")+(RASTREABILIDADE!$C$2:$C$2000=RE"&"SUMO!$B$5))>0)*(((RESUMO!$B$6=""Todas"")+(RASTREABILIDADE!$B$2:$B$2000=RESUMO!$B$6))>0))>0,1,0))"),"") | F57: =IFERROR(__xludf.DUMMYFUNCTION("IF($B57="""","""",IF(SUMPRODUCT((RASTREABILIDADE!$A$2:$A$2000=""C1"")*(RASTREABILIDADE!$F$2:$F$2000=""Sim"")*REGEXMATCH(RASTREABILIDADE!$E$2:$E$2000,""(^|[^A-Za-z0-9])""&$B57&""($|[^A-Za-z0-9])"")*(((RESUMO!$B$5=""Todas"")+(RASTREABILIDADE!$C$2:$C$2000=RE"&"SUMO!$B$5))>0)*(((RESUMO!$B$6=""Todas"")+(RASTREABILIDADE!$B$2:$B$2000=RESUMO!$B$6))>0))>0,1,0))"),"") | G57: =IFERROR(__xludf.DUMMYFUNCTION("IF($B57="""","""",IF(SUMPRODUCT((RASTREABILIDADE!$A$2:$A$2000=""C2"")*(RASTREABILIDADE!$F$2:$F$2000=""Sim"")*REGEXMATCH(RASTREABILIDADE!$E$2:$E$2000,""(^|[^A-Za-z0-9])""&$B57&""($|[^A-Za-z0-9])"")*(((RESUMO!$B$5=""Todas"")+(RASTREABILIDADE!$C$2:$C$2000=RE"&"SUMO!$B$5))>0)*(((RESUMO!$B$6=""Todas"")+(RASTREABILIDADE!$B$2:$B$2000=RESUMO!$B$6))>0))>0,1,0))"),"") | H57: =IF(OR($C57="",$D57<>"Sim"),"",IF(COUNTIFS(RASTREABILIDADE!$A:$A,"C0",RASTREABILIDADE!$G:$G,$C57,RASTREABILIDADE!$H:$H,"Sim",RASTREABILIDADE!$C:$C,IF(RESUMO!$B$5="Todas","<>",RESUMO!$B$5),RASTREABILIDADE!$B:$B,IF(RESUMO!$B$6="Todas","<>",RESUMO!$B$6))>0,1,0)) | I57: =IF(OR($C57="",$D57<>"Sim"),"",IF(COUNTIFS(RASTREABILIDADE!$A:$A,"C1",RASTREABILIDADE!$G:$G,$C57,RASTREABILIDADE!$H:$H,"Sim",RASTREABILIDADE!$C:$C,IF(RESUMO!$B$5="Todas","<>",RESUMO!$B$5),RASTREABILIDADE!$B:$B,IF(RESUMO!$B$6="Todas","<>",RESUMO!$B$6))>0,1,0)) | J57: =IF(OR($C57="",$D57<>"Sim"),"",IF(COUNTIFS(RASTREABILIDADE!$A:$A,"C2",RASTREABILIDADE!$G:$G,$C57,RASTREABILIDADE!$H:$H,"Sim",RASTREABILIDADE!$C:$C,IF(RESUMO!$B$5="Todas","<>",RESUMO!$B$5),RASTREABILIDADE!$B:$B,IF(RESUMO!$B$6="Todas","<>",RESUMO!$B$6))>0,1,0))
A58: 58 | B58: =IF(GABARITO!$B59="","",IF(COUNTIF(GABARITO!$B$4:$B59,GABARITO!$B59)=1,GABARITO!$B59,"")) | C58: =IF(GABARITO!$G59="","",GABARITO!$G59) | D58: =IF(GABARITO!$J59="","",GABARITO!$J59) | E58: =IFERROR(__xludf.DUMMYFUNCTION("IF($B58="""","""",IF(SUMPRODUCT((RASTREABILIDADE!$A$2:$A$2000=""C0"")*(RASTREABILIDADE!$F$2:$F$2000=""Sim"")*REGEXMATCH(RASTREABILIDADE!$E$2:$E$2000,""(^|[^A-Za-z0-9])""&$B58&""($|[^A-Za-z0-9])"")*(((RESUMO!$B$5=""Todas"")+(RASTREABILIDADE!$C$2:$C$2000=RE"&"SUMO!$B$5))>0)*(((RESUMO!$B$6=""Todas"")+(RASTREABILIDADE!$B$2:$B$2000=RESUMO!$B$6))>0))>0,1,0))"),"") | F58: =IFERROR(__xludf.DUMMYFUNCTION("IF($B58="""","""",IF(SUMPRODUCT((RASTREABILIDADE!$A$2:$A$2000=""C1"")*(RASTREABILIDADE!$F$2:$F$2000=""Sim"")*REGEXMATCH(RASTREABILIDADE!$E$2:$E$2000,""(^|[^A-Za-z0-9])""&$B58&""($|[^A-Za-z0-9])"")*(((RESUMO!$B$5=""Todas"")+(RASTREABILIDADE!$C$2:$C$2000=RE"&"SUMO!$B$5))>0)*(((RESUMO!$B$6=""Todas"")+(RASTREABILIDADE!$B$2:$B$2000=RESUMO!$B$6))>0))>0,1,0))"),"") | G58: =IFERROR(__xludf.DUMMYFUNCTION("IF($B58="""","""",IF(SUMPRODUCT((RASTREABILIDADE!$A$2:$A$2000=""C2"")*(RASTREABILIDADE!$F$2:$F$2000=""Sim"")*REGEXMATCH(RASTREABILIDADE!$E$2:$E$2000,""(^|[^A-Za-z0-9])""&$B58&""($|[^A-Za-z0-9])"")*(((RESUMO!$B$5=""Todas"")+(RASTREABILIDADE!$C$2:$C$2000=RE"&"SUMO!$B$5))>0)*(((RESUMO!$B$6=""Todas"")+(RASTREABILIDADE!$B$2:$B$2000=RESUMO!$B$6))>0))>0,1,0))"),"") | H58: =IF(OR($C58="",$D58<>"Sim"),"",IF(COUNTIFS(RASTREABILIDADE!$A:$A,"C0",RASTREABILIDADE!$G:$G,$C58,RASTREABILIDADE!$H:$H,"Sim",RASTREABILIDADE!$C:$C,IF(RESUMO!$B$5="Todas","<>",RESUMO!$B$5),RASTREABILIDADE!$B:$B,IF(RESUMO!$B$6="Todas","<>",RESUMO!$B$6))>0,1,0)) | I58: =IF(OR($C58="",$D58<>"Sim"),"",IF(COUNTIFS(RASTREABILIDADE!$A:$A,"C1",RASTREABILIDADE!$G:$G,$C58,RASTREABILIDADE!$H:$H,"Sim",RASTREABILIDADE!$C:$C,IF(RESUMO!$B$5="Todas","<>",RESUMO!$B$5),RASTREABILIDADE!$B:$B,IF(RESUMO!$B$6="Todas","<>",RESUMO!$B$6))>0,1,0)) | J58: =IF(OR($C58="",$D58<>"Sim"),"",IF(COUNTIFS(RASTREABILIDADE!$A:$A,"C2",RASTREABILIDADE!$G:$G,$C58,RASTREABILIDADE!$H:$H,"Sim",RASTREABILIDADE!$C:$C,IF(RESUMO!$B$5="Todas","<>",RESUMO!$B$5),RASTREABILIDADE!$B:$B,IF(RESUMO!$B$6="Todas","<>",RESUMO!$B$6))>0,1,0))
